variant	scorer	raw_score	track_index	track_name	biosample_name	ontology_curie	gene_name	gene_id	atlas_url
chr1:94011395:A>G	ATAC	1.6000218391418457	6	CL:0000787 ATAC-seq	memory B cell	CL:0000787			https://deepmind.google.com/science/alphagenome/atlas?q=chr1:94011395:A%3EG&m=variant&lItems=avi,section:RNA_SEQ,section:SPLICE_JUNCTIONS,section:SPLICE_SITE_USAGE,section:SPLICE_SITES
chr1:94011395:A>G	CAGE	1.6187572479248047	278	LQhCAGE CL:0000784	plasmacytoid dendritic cell	CL:0000784			https://deepmind.google.com/science/alphagenome/atlas?q=chr1:94011395:A%3EG&m=variant&lItems=avi,section:RNA_SEQ,section:SPLICE_JUNCTIONS,section:SPLICE_SITE_USAGE,section:SPLICE_SITES
chr1:94011395:A>G	CHIP_HISTONE	1.2844676971435547	199	CL:0001054 Histone ChIP-seq H3K4me1	CD14-positive monocyte	CL:0001054			https://deepmind.google.com/science/alphagenome/atlas?q=chr1:94011395:A%3EG&m=variant&lItems=avi,section:RNA_SEQ,section:SPLICE_JUNCTIONS,section:SPLICE_SITE_USAGE,section:SPLICE_SITES
chr1:94011395:A>G	CHIP_TF	1.57781982421875	1319	EFO:0002793 TF ChIP-seq SPI1	HL-60	EFO:0002793			https://deepmind.google.com/science/alphagenome/atlas?q=chr1:94011395:A%3EG&m=variant&lItems=avi,section:RNA_SEQ,section:SPLICE_JUNCTIONS,section:SPLICE_SITE_USAGE,section:SPLICE_SITES
chr1:94011395:A>G	CONTACT_MAPS	0.0029866695404052734	4	4dn:4DNFIXP4QG5B	GM12878	EFO:0002784			https://deepmind.google.com/science/alphagenome/atlas?q=chr1:94011395:A%3EG&m=variant&lItems=avi,section:RNA_SEQ,section:SPLICE_JUNCTIONS,section:SPLICE_SITE_USAGE,section:SPLICE_SITES
chr1:94011395:A>G	DNASE	2.0061631202697754	44	CL:0001059 DNase-seq	common myeloid progenitor, CD34-positive	CL:0001059			https://deepmind.google.com/science/alphagenome/atlas?q=chr1:94011395:A%3EG&m=variant&lItems=avi,section:RNA_SEQ,section:SPLICE_JUNCTIONS,section:SPLICE_SITE_USAGE,section:SPLICE_SITES
chr1:94011395:A>G	PROCAP	0.7688287496566772	8	ENCSR740IPL	K562	EFO:0002067			https://deepmind.google.com/science/alphagenome/atlas?q=chr1:94011395:A%3EG&m=variant&lItems=avi,section:RNA_SEQ,section:SPLICE_JUNCTIONS,section:SPLICE_SITE_USAGE,section:SPLICE_SITES
chr1:94011395:A>G	RNA_SEQ	0.08826017379760742	365	UBERON:0013756 gtex Whole_Blood polyA plus RNA-seq	venous blood	UBERON:0013756	ABCA4	ENSG00000198691.14	https://deepmind.google.com/science/alphagenome/atlas?q=chr1:94011395:A%3EG&m=variant&lItems=avi,section:RNA_SEQ,section:SPLICE_JUNCTIONS,section:SPLICE_SITE_USAGE,section:SPLICE_SITES
chr1:94011395:A>G	SPLICE_JUNCTIONS	0.71142578125	352	junction_UBERON:0009834 total RNA-seq	dorsolateral prefrontal cortex	UBERON:0009834	ABCA4	ENSG00000198691.14	https://deepmind.google.com/science/alphagenome/atlas?q=chr1:94011395:A%3EG&m=variant&lItems=avi,section:RNA_SEQ,section:SPLICE_JUNCTIONS,section:SPLICE_SITE_USAGE,section:SPLICE_SITES
chr1:94011395:A>G	SPLICE_SITES	0.015625	1	acceptor			ABCA4	ENSG00000198691.14	https://deepmind.google.com/science/alphagenome/atlas?q=chr1:94011395:A%3EG&m=variant&lItems=avi,section:RNA_SEQ,section:SPLICE_JUNCTIONS,section:SPLICE_SITE_USAGE,section:SPLICE_SITES
chr1:94011395:A>G	SPLICE_SITE_USAGE	0.095703125	86	usage_CL:0002591 total RNA-seq	smooth muscle cell of the pulmonary artery	CL:0002591	ABCA4	ENSG00000198691.14	https://deepmind.google.com/science/alphagenome/atlas?q=chr1:94011395:A%3EG&m=variant&lItems=avi,section:RNA_SEQ,section:SPLICE_JUNCTIONS,section:SPLICE_SITE_USAGE,section:SPLICE_SITES
chr1:94027417:G>A	ATAC	0.17258930206298828	137	UBERON:0002046 ATAC-seq	thyroid gland	UBERON:0002046			https://deepmind.google.com/science/alphagenome/atlas?q=chr1:94027417:G%3EA&m=variant&lItems=avi,section:RNA_SEQ,section:SPLICE_JUNCTIONS,section:SPLICE_SITE_USAGE,section:SPLICE_SITES
chr1:94027417:G>A	CAGE	0.09312307834625244	502	hCAGE UBERON:0002048	lung	UBERON:0002048			https://deepmind.google.com/science/alphagenome/atlas?q=chr1:94027417:G%3EA&m=variant&lItems=avi,section:RNA_SEQ,section:SPLICE_JUNCTIONS,section:SPLICE_SITE_USAGE,section:SPLICE_SITES
chr1:94027417:G>A	CHIP_HISTONE	-0.08867073059082031	298	CL:1001606 Histone ChIP-seq H3K9ac	foreskin keratinocyte	CL:1001606			https://deepmind.google.com/science/alphagenome/atlas?q=chr1:94027417:G%3EA&m=variant&lItems=avi,section:RNA_SEQ,section:SPLICE_JUNCTIONS,section:SPLICE_SITE_USAGE,section:SPLICE_SITES
chr1:94027417:G>A	CHIP_TF	-0.15450096130371094	710	EFO:0001187 TF ChIP-seq ZNF687 genetically modified (insertion) using CRISPR targeting H. sapiens ZNF687	HepG2	EFO:0001187			https://deepmind.google.com/science/alphagenome/atlas?q=chr1:94027417:G%3EA&m=variant&lItems=avi,section:RNA_SEQ,section:SPLICE_JUNCTIONS,section:SPLICE_SITE_USAGE,section:SPLICE_SITES
chr1:94027417:G>A	CONTACT_MAPS	0.0016181468963623047	1	4dn:4DNFI9FVHJZQ	HFFc6	EFO:0009318			https://deepmind.google.com/science/alphagenome/atlas?q=chr1:94027417:G%3EA&m=variant&lItems=avi,section:RNA_SEQ,section:SPLICE_JUNCTIONS,section:SPLICE_SITE_USAGE,section:SPLICE_SITES
chr1:94027417:G>A	DNASE	0.21528053283691406	252	UBERON:0002046 DNase-seq	thyroid gland	UBERON:0002046			https://deepmind.google.com/science/alphagenome/atlas?q=chr1:94027417:G%3EA&m=variant&lItems=avi,section:RNA_SEQ,section:SPLICE_JUNCTIONS,section:SPLICE_SITE_USAGE,section:SPLICE_SITES
chr1:94027417:G>A	PROCAP	0.0548853874206543	10	ENCSR801ECP	endothelial cell of umbilical vein	CL:0002618			https://deepmind.google.com/science/alphagenome/atlas?q=chr1:94027417:G%3EA&m=variant&lItems=avi,section:RNA_SEQ,section:SPLICE_JUNCTIONS,section:SPLICE_SITE_USAGE,section:SPLICE_SITES
chr1:94027417:G>A	RNA_SEQ	-0.010372400283813477	41	CL:0001054 polyA plus RNA-seq	CD14-positive monocyte	CL:0001054	ENSG00000286692	ENSG00000286692.1	https://deepmind.google.com/science/alphagenome/atlas?q=chr1:94027417:G%3EA&m=variant&lItems=avi,section:RNA_SEQ,section:SPLICE_JUNCTIONS,section:SPLICE_SITE_USAGE,section:SPLICE_SITES
chr1:94027417:G>A	SPLICE_JUNCTIONS	0.228515625	114	junction_CL:2000041 total RNA-seq	dermis microvascular lymphatic vessel endothelial cell	CL:2000041	ABCA4	ENSG00000198691.14	https://deepmind.google.com/science/alphagenome/atlas?q=chr1:94027417:G%3EA&m=variant&lItems=avi,section:RNA_SEQ,section:SPLICE_JUNCTIONS,section:SPLICE_SITE_USAGE,section:SPLICE_SITES
chr1:94027417:G>A	SPLICE_SITES	0.02734375	1	acceptor			ABCA4	ENSG00000198691.14	https://deepmind.google.com/science/alphagenome/atlas?q=chr1:94027417:G%3EA&m=variant&lItems=avi,section:RNA_SEQ,section:SPLICE_JUNCTIONS,section:SPLICE_SITE_USAGE,section:SPLICE_SITES
chr1:94027417:G>A	SPLICE_SITE_USAGE	0.01171875	246	usage_UBERON:0001255 polyA plus RNA-seq	urinary bladder	UBERON:0001255	ABCA4	ENSG00000198691.14	https://deepmind.google.com/science/alphagenome/atlas?q=chr1:94027417:G%3EA&m=variant&lItems=avi,section:RNA_SEQ,section:SPLICE_JUNCTIONS,section:SPLICE_SITE_USAGE,section:SPLICE_SITES
chr1:94027444:C>T	ATAC	-0.05772829055786133	162	UBERON:0008953 ATAC-seq	lower lobe of left lung	UBERON:0008953			https://deepmind.google.com/science/alphagenome/atlas?q=chr1:94027444:C%3ET&m=variant&lItems=avi,section:RNA_SEQ,section:SPLICE_JUNCTIONS,section:SPLICE_SITE_USAGE,section:SPLICE_SITES
chr1:94027444:C>T	CAGE	0.3942849636077881	439	hCAGE UBERON:0000019	camera-type eye	UBERON:0000019			https://deepmind.google.com/science/alphagenome/atlas?q=chr1:94027444:C%3ET&m=variant&lItems=avi,section:RNA_SEQ,section:SPLICE_JUNCTIONS,section:SPLICE_SITE_USAGE,section:SPLICE_SITES
chr1:94027444:C>T	CHIP_HISTONE	-0.10555744171142578	298	CL:1001606 Histone ChIP-seq H3K9ac	foreskin keratinocyte	CL:1001606			https://deepmind.google.com/science/alphagenome/atlas?q=chr1:94027444:C%3ET&m=variant&lItems=avi,section:RNA_SEQ,section:SPLICE_JUNCTIONS,section:SPLICE_SITE_USAGE,section:SPLICE_SITES
chr1:94027444:C>T	CHIP_TF	-0.19616317749023438	710	EFO:0001187 TF ChIP-seq ZNF687 genetically modified (insertion) using CRISPR targeting H. sapiens ZNF687	HepG2	EFO:0001187			https://deepmind.google.com/science/alphagenome/atlas?q=chr1:94027444:C%3ET&m=variant&lItems=avi,section:RNA_SEQ,section:SPLICE_JUNCTIONS,section:SPLICE_SITE_USAGE,section:SPLICE_SITES
chr1:94027444:C>T	CONTACT_MAPS	0.002152383327484131	1	4dn:4DNFI9FVHJZQ	HFFc6	EFO:0009318			https://deepmind.google.com/science/alphagenome/atlas?q=chr1:94027444:C%3ET&m=variant&lItems=avi,section:RNA_SEQ,section:SPLICE_JUNCTIONS,section:SPLICE_SITE_USAGE,section:SPLICE_SITES
chr1:94027444:C>T	DNASE	-0.13461017608642578	265	UBERON:0002168 DNase-seq	left lung	UBERON:0002168			https://deepmind.google.com/science/alphagenome/atlas?q=chr1:94027444:C%3ET&m=variant&lItems=avi,section:RNA_SEQ,section:SPLICE_JUNCTIONS,section:SPLICE_SITE_USAGE,section:SPLICE_SITES
chr1:94027444:C>T	PROCAP	0.06676280498504639	10	ENCSR801ECP	endothelial cell of umbilical vein	CL:0002618			https://deepmind.google.com/science/alphagenome/atlas?q=chr1:94027444:C%3ET&m=variant&lItems=avi,section:RNA_SEQ,section:SPLICE_JUNCTIONS,section:SPLICE_SITE_USAGE,section:SPLICE_SITES
chr1:94027444:C>T	RNA_SEQ	-0.04933202266693115	102	CL:2000071 total RNA-seq	mammary microvascular endothelial cell	CL:2000071	ABCA4	ENSG00000198691.14	https://deepmind.google.com/science/alphagenome/atlas?q=chr1:94027444:C%3ET&m=variant&lItems=avi,section:RNA_SEQ,section:SPLICE_JUNCTIONS,section:SPLICE_SITE_USAGE,section:SPLICE_SITES
chr1:94027444:C>T	SPLICE_JUNCTIONS	1.58984375	114	junction_CL:2000041 total RNA-seq	dermis microvascular lymphatic vessel endothelial cell	CL:2000041	ABCA4	ENSG00000198691.14	https://deepmind.google.com/science/alphagenome/atlas?q=chr1:94027444:C%3ET&m=variant&lItems=avi,section:RNA_SEQ,section:SPLICE_JUNCTIONS,section:SPLICE_SITE_USAGE,section:SPLICE_SITES
chr1:94027444:C>T	SPLICE_SITES	0.15625	1	acceptor			ABCA4	ENSG00000198691.14	https://deepmind.google.com/science/alphagenome/atlas?q=chr1:94027444:C%3ET&m=variant&lItems=avi,section:RNA_SEQ,section:SPLICE_JUNCTIONS,section:SPLICE_SITE_USAGE,section:SPLICE_SITES
chr1:94027444:C>T	SPLICE_SITE_USAGE	0.042236328125	352	usage_UBERON:0009834 total RNA-seq	dorsolateral prefrontal cortex	UBERON:0009834	ABCA4	ENSG00000198691.14	https://deepmind.google.com/science/alphagenome/atlas?q=chr1:94027444:C%3ET&m=variant&lItems=avi,section:RNA_SEQ,section:SPLICE_JUNCTIONS,section:SPLICE_SITE_USAGE,section:SPLICE_SITES
chr1:94084225:G>A	ATAC	0.4526042938232422	137	UBERON:0002046 ATAC-seq	thyroid gland	UBERON:0002046			https://deepmind.google.com/science/alphagenome/atlas?q=chr1:94084225:G%3EA&m=variant&lItems=avi,section:RNA_SEQ,section:SPLICE_JUNCTIONS,section:SPLICE_SITE_USAGE,section:SPLICE_SITES
chr1:94084225:G>A	CAGE	0.34474897384643555	525	hCAGE UBERON:0002370	thymus	UBERON:0002370			https://deepmind.google.com/science/alphagenome/atlas?q=chr1:94084225:G%3EA&m=variant&lItems=avi,section:RNA_SEQ,section:SPLICE_JUNCTIONS,section:SPLICE_SITE_USAGE,section:SPLICE_SITES
chr1:94084225:G>A	CHIP_HISTONE	0.20672607421875	448	EFO:0002784 Histone ChIP-seq H3K4me1	GM12878	EFO:0002784			https://deepmind.google.com/science/alphagenome/atlas?q=chr1:94084225:G%3EA&m=variant&lItems=avi,section:RNA_SEQ,section:SPLICE_JUNCTIONS,section:SPLICE_SITE_USAGE,section:SPLICE_SITES
chr1:94084225:G>A	CHIP_TF	0.2441844940185547	1221	EFO:0002784 TF ChIP-seq PAX5	GM12878	EFO:0002784			https://deepmind.google.com/science/alphagenome/atlas?q=chr1:94084225:G%3EA&m=variant&lItems=avi,section:RNA_SEQ,section:SPLICE_JUNCTIONS,section:SPLICE_SITE_USAGE,section:SPLICE_SITES
chr1:94084225:G>A	CONTACT_MAPS	0.0015120506286621094	3	4dn:4DNFIJTOIGOI	IMR-90	EFO:0001196			https://deepmind.google.com/science/alphagenome/atlas?q=chr1:94084225:G%3EA&m=variant&lItems=avi,section:RNA_SEQ,section:SPLICE_JUNCTIONS,section:SPLICE_SITE_USAGE,section:SPLICE_SITES
chr1:94084225:G>A	DNASE	0.5335712432861328	252	UBERON:0002046 DNase-seq	thyroid gland	UBERON:0002046			https://deepmind.google.com/science/alphagenome/atlas?q=chr1:94084225:G%3EA&m=variant&lItems=avi,section:RNA_SEQ,section:SPLICE_JUNCTIONS,section:SPLICE_SITE_USAGE,section:SPLICE_SITES
chr1:94084225:G>A	PROCAP	-0.08105826377868652	4	ENCSR801ECP	endothelial cell of umbilical vein	CL:0002618			https://deepmind.google.com/science/alphagenome/atlas?q=chr1:94084225:G%3EA&m=variant&lItems=avi,section:RNA_SEQ,section:SPLICE_JUNCTIONS,section:SPLICE_SITE_USAGE,section:SPLICE_SITES
chr1:94084225:G>A	RNA_SEQ	-0.01798701286315918	214	UBERON:0001987 polyA plus RNA-seq	placenta	UBERON:0001987	ABCA4	ENSG00000198691.14	https://deepmind.google.com/science/alphagenome/atlas?q=chr1:94084225:G%3EA&m=variant&lItems=avi,section:RNA_SEQ,section:SPLICE_JUNCTIONS,section:SPLICE_SITE_USAGE,section:SPLICE_SITES
chr1:94084225:G>A	SPLICE_JUNCTIONS	0.703125	341	junction_UBERON:0007106 polyA plus RNA-seq	chorionic villus	UBERON:0007106	ABCA4	ENSG00000198691.14	https://deepmind.google.com/science/alphagenome/atlas?q=chr1:94084225:G%3EA&m=variant&lItems=avi,section:RNA_SEQ,section:SPLICE_JUNCTIONS,section:SPLICE_SITE_USAGE,section:SPLICE_SITES
chr1:94084225:G>A	SPLICE_SITES	0.064453125	1	acceptor			ABCA4	ENSG00000198691.14	https://deepmind.google.com/science/alphagenome/atlas?q=chr1:94084225:G%3EA&m=variant&lItems=avi,section:RNA_SEQ,section:SPLICE_JUNCTIONS,section:SPLICE_SITE_USAGE,section:SPLICE_SITES
chr1:94084225:G>A	SPLICE_SITE_USAGE	0.01953125	210	usage_UBERON:0000473 polyA plus RNA-seq	testis	UBERON:0000473	ABCA4	ENSG00000198691.14	https://deepmind.google.com/science/alphagenome/atlas?q=chr1:94084225:G%3EA&m=variant&lItems=avi,section:RNA_SEQ,section:SPLICE_JUNCTIONS,section:SPLICE_SITE_USAGE,section:SPLICE_SITES
chr1:94021899:C>A	ATAC	0.36340999603271484	147	UBERON:0002168 ATAC-seq	left lung	UBERON:0002168			https://deepmind.google.com/science/alphagenome/atlas?q=chr1:94021899:C%3EA&m=variant&lItems=avi,section:RNA_SEQ,section:SPLICE_JUNCTIONS,section:SPLICE_SITE_USAGE,section:SPLICE_SITES
chr1:94021899:C>A	CAGE	-0.27532529830932617	413	hCAGE CL:1000413	endothelial cell of artery	CL:1000413			https://deepmind.google.com/science/alphagenome/atlas?q=chr1:94021899:C%3EA&m=variant&lItems=avi,section:RNA_SEQ,section:SPLICE_JUNCTIONS,section:SPLICE_SITE_USAGE,section:SPLICE_SITES
chr1:94021899:C>A	CHIP_HISTONE	0.08391952514648438	342	EFO:0001187 Histone ChIP-seq H3K4me2	HepG2	EFO:0001187			https://deepmind.google.com/science/alphagenome/atlas?q=chr1:94021899:C%3EA&m=variant&lItems=avi,section:RNA_SEQ,section:SPLICE_JUNCTIONS,section:SPLICE_SITE_USAGE,section:SPLICE_SITES
chr1:94021899:C>A	CHIP_TF	0.22044658660888672	1388	EFO:0003042 TF ChIP-seq USF1	H1	EFO:0003042			https://deepmind.google.com/science/alphagenome/atlas?q=chr1:94021899:C%3EA&m=variant&lItems=avi,section:RNA_SEQ,section:SPLICE_JUNCTIONS,section:SPLICE_SITE_USAGE,section:SPLICE_SITES
chr1:94021899:C>A	CONTACT_MAPS	0.002002418041229248	1	4dn:4DNFI9FVHJZQ	HFFc6	EFO:0009318			https://deepmind.google.com/science/alphagenome/atlas?q=chr1:94021899:C%3EA&m=variant&lItems=avi,section:RNA_SEQ,section:SPLICE_JUNCTIONS,section:SPLICE_SITE_USAGE,section:SPLICE_SITES
chr1:94021899:C>A	DNASE	0.4107322692871094	252	UBERON:0002046 DNase-seq	thyroid gland	UBERON:0002046			https://deepmind.google.com/science/alphagenome/atlas?q=chr1:94021899:C%3EA&m=variant&lItems=avi,section:RNA_SEQ,section:SPLICE_JUNCTIONS,section:SPLICE_SITE_USAGE,section:SPLICE_SITES
chr1:94021899:C>A	PROCAP	0.34537434577941895	1	ENCSR182QNJ	Caco-2	EFO:0001099			https://deepmind.google.com/science/alphagenome/atlas?q=chr1:94021899:C%3EA&m=variant&lItems=avi,section:RNA_SEQ,section:SPLICE_JUNCTIONS,section:SPLICE_SITE_USAGE,section:SPLICE_SITES
chr1:94021899:C>A	RNA_SEQ	0.026974201202392578	202	UBERON:0001264 polyA plus RNA-seq	pancreas	UBERON:0001264	ABCA4	ENSG00000198691.14	https://deepmind.google.com/science/alphagenome/atlas?q=chr1:94021899:C%3EA&m=variant&lItems=avi,section:RNA_SEQ,section:SPLICE_JUNCTIONS,section:SPLICE_SITE_USAGE,section:SPLICE_SITES
chr1:94021899:C>A	SPLICE_JUNCTIONS	5.3671875	113	junction_CL:2000040 total RNA-seq	bladder microvascular endothelial cell	CL:2000040	ABCA4	ENSG00000198691.14	https://deepmind.google.com/science/alphagenome/atlas?q=chr1:94021899:C%3EA&m=variant&lItems=avi,section:RNA_SEQ,section:SPLICE_JUNCTIONS,section:SPLICE_SITE_USAGE,section:SPLICE_SITES
chr1:94021899:C>A	SPLICE_SITES	0.9570294618606567	0	donor			ABCA4	ENSG00000198691.14	https://deepmind.google.com/science/alphagenome/atlas?q=chr1:94021899:C%3EA&m=variant&lItems=avi,section:RNA_SEQ,section:SPLICE_JUNCTIONS,section:SPLICE_SITE_USAGE,section:SPLICE_SITES
chr1:94021899:C>A	SPLICE_SITE_USAGE	0.69366455078125	210	usage_UBERON:0000473 polyA plus RNA-seq	testis	UBERON:0000473	ABCA4	ENSG00000198691.14	https://deepmind.google.com/science/alphagenome/atlas?q=chr1:94021899:C%3EA&m=variant&lItems=avi,section:RNA_SEQ,section:SPLICE_JUNCTIONS,section:SPLICE_SITE_USAGE,section:SPLICE_SITES
chr1:94014666:G>T	ATAC	1.125870704650879	67	EFO:0007610 ATAC-seq	RWPE2	EFO:0007610			https://deepmind.google.com/science/alphagenome/atlas?q=chr1:94014666:G%3ET&m=variant&lItems=avi,section:RNA_SEQ,section:SPLICE_JUNCTIONS,section:SPLICE_SITE_USAGE,section:SPLICE_SITES
chr1:94014666:G>T	CAGE	1.4545762538909912	275	LQhCAGE CL:0000767	basophil	CL:0000767			https://deepmind.google.com/science/alphagenome/atlas?q=chr1:94014666:G%3ET&m=variant&lItems=avi,section:RNA_SEQ,section:SPLICE_JUNCTIONS,section:SPLICE_SITE_USAGE,section:SPLICE_SITES
chr1:94014666:G>T	CHIP_HISTONE	0.7216024398803711	212	CL:0002231 Histone ChIP-seq H3K27ac	epithelial cell of prostate	CL:0002231			https://deepmind.google.com/science/alphagenome/atlas?q=chr1:94014666:G%3ET&m=variant&lItems=avi,section:RNA_SEQ,section:SPLICE_JUNCTIONS,section:SPLICE_SITE_USAGE,section:SPLICE_SITES
chr1:94014666:G>T	CHIP_TF	1.501723289489746	756	EFO:0001196 TF ChIP-seq CEBPB	IMR-90	EFO:0001196			https://deepmind.google.com/science/alphagenome/atlas?q=chr1:94014666:G%3ET&m=variant&lItems=avi,section:RNA_SEQ,section:SPLICE_JUNCTIONS,section:SPLICE_SITE_USAGE,section:SPLICE_SITES
chr1:94014666:G>T	CONTACT_MAPS	0.005446314811706543	1	4dn:4DNFI9FVHJZQ	HFFc6	EFO:0009318			https://deepmind.google.com/science/alphagenome/atlas?q=chr1:94014666:G%3ET&m=variant&lItems=avi,section:RNA_SEQ,section:SPLICE_JUNCTIONS,section:SPLICE_SITE_USAGE,section:SPLICE_SITES
chr1:94014666:G>T	DNASE	2.2186851501464844	56	CL:0002536 DNase-seq	amniotic epithelial cell	CL:0002536			https://deepmind.google.com/science/alphagenome/atlas?q=chr1:94014666:G%3ET&m=variant&lItems=avi,section:RNA_SEQ,section:SPLICE_JUNCTIONS,section:SPLICE_SITE_USAGE,section:SPLICE_SITES
chr1:94014666:G>T	PROCAP	2.0048727989196777	5	ENCSR860TYZ	MCF 10A	EFO:0001200			https://deepmind.google.com/science/alphagenome/atlas?q=chr1:94014666:G%3ET&m=variant&lItems=avi,section:RNA_SEQ,section:SPLICE_JUNCTIONS,section:SPLICE_SITE_USAGE,section:SPLICE_SITES
chr1:94014666:G>T	RNA_SEQ	-0.029967784881591797	233	UBERON:0002107 polyA plus RNA-seq	liver	UBERON:0002107	ABCA4	ENSG00000198691.14	https://deepmind.google.com/science/alphagenome/atlas?q=chr1:94014666:G%3ET&m=variant&lItems=avi,section:RNA_SEQ,section:SPLICE_JUNCTIONS,section:SPLICE_SITE_USAGE,section:SPLICE_SITES
chr1:94014666:G>T	SPLICE_JUNCTIONS	3.943359375	199	junction_NTR:0003013 polyA plus RNA-seq	placental basal plate	NTR:0003013	ABCA4	ENSG00000198691.14	https://deepmind.google.com/science/alphagenome/atlas?q=chr1:94014666:G%3ET&m=variant&lItems=avi,section:RNA_SEQ,section:SPLICE_JUNCTIONS,section:SPLICE_SITE_USAGE,section:SPLICE_SITES
chr1:94014666:G>T	SPLICE_SITES	0.6201171875	1	acceptor			ABCA4	ENSG00000198691.14	https://deepmind.google.com/science/alphagenome/atlas?q=chr1:94014666:G%3ET&m=variant&lItems=avi,section:RNA_SEQ,section:SPLICE_JUNCTIONS,section:SPLICE_SITE_USAGE,section:SPLICE_SITES
chr1:94014666:G>T	SPLICE_SITE_USAGE	0.337890625	318	usage_UBERON:0002370 polyA plus RNA-seq	thymus	UBERON:0002370	ABCA4	ENSG00000198691.14	https://deepmind.google.com/science/alphagenome/atlas?q=chr1:94014666:G%3ET&m=variant&lItems=avi,section:RNA_SEQ,section:SPLICE_JUNCTIONS,section:SPLICE_SITE_USAGE,section:SPLICE_SITES
chr1:94080511:T>A	ATAC	0.05749034881591797	56	EFO:0001187 ATAC-seq	HepG2	EFO:0001187			https://deepmind.google.com/science/alphagenome/atlas?q=chr1:94080511:T%3EA&m=variant&lItems=avi,section:RNA_SEQ,section:SPLICE_JUNCTIONS,section:SPLICE_SITE_USAGE,section:SPLICE_SITES
chr1:94080511:T>A	CAGE	-0.30151963233947754	439	hCAGE UBERON:0000019	camera-type eye	UBERON:0000019			https://deepmind.google.com/science/alphagenome/atlas?q=chr1:94080511:T%3EA&m=variant&lItems=avi,section:RNA_SEQ,section:SPLICE_JUNCTIONS,section:SPLICE_SITE_USAGE,section:SPLICE_SITES
chr1:94080511:T>A	CHIP_HISTONE	-0.036528587341308594	279	CL:0002618 Histone ChIP-seq H3K4me1	endothelial cell of umbilical vein	CL:0002618			https://deepmind.google.com/science/alphagenome/atlas?q=chr1:94080511:T%3EA&m=variant&lItems=avi,section:RNA_SEQ,section:SPLICE_JUNCTIONS,section:SPLICE_SITE_USAGE,section:SPLICE_SITES
chr1:94080511:T>A	CHIP_TF	0.051856040954589844	710	EFO:0001187 TF ChIP-seq ZNF687 genetically modified (insertion) using CRISPR targeting H. sapiens ZNF687	HepG2	EFO:0001187			https://deepmind.google.com/science/alphagenome/atlas?q=chr1:94080511:T%3EA&m=variant&lItems=avi,section:RNA_SEQ,section:SPLICE_JUNCTIONS,section:SPLICE_SITE_USAGE,section:SPLICE_SITES
chr1:94080511:T>A	CONTACT_MAPS	0.001743316650390625	16	4dn:4DNFIMDOXUT8	skin fibroblast	CL:0002620			https://deepmind.google.com/science/alphagenome/atlas?q=chr1:94080511:T%3EA&m=variant&lItems=avi,section:RNA_SEQ,section:SPLICE_JUNCTIONS,section:SPLICE_SITE_USAGE,section:SPLICE_SITES
chr1:94080511:T>A	DNASE	-0.04959464073181152	93	CL:2000045 DNase-seq	foreskin melanocyte	CL:2000045			https://deepmind.google.com/science/alphagenome/atlas?q=chr1:94080511:T%3EA&m=variant&lItems=avi,section:RNA_SEQ,section:SPLICE_JUNCTIONS,section:SPLICE_SITE_USAGE,section:SPLICE_SITES
chr1:94080511:T>A	PROCAP	-0.0446239709854126	4	ENCSR801ECP	endothelial cell of umbilical vein	CL:0002618			https://deepmind.google.com/science/alphagenome/atlas?q=chr1:94080511:T%3EA&m=variant&lItems=avi,section:RNA_SEQ,section:SPLICE_JUNCTIONS,section:SPLICE_SITE_USAGE,section:SPLICE_SITES
chr1:94080511:T>A	RNA_SEQ	-0.016473770141601562	299	EFO:0005714 polyA plus RNA-seq	LHCN-M2	EFO:0005714	ENSG00000236098	ENSG00000236098.1	https://deepmind.google.com/science/alphagenome/atlas?q=chr1:94080511:T%3EA&m=variant&lItems=avi,section:RNA_SEQ,section:SPLICE_JUNCTIONS,section:SPLICE_SITE_USAGE,section:SPLICE_SITES
chr1:94080511:T>A	SPLICE_JUNCTIONS	4.9375	204	junction_UBERON:0000081 total RNA-seq	metanephros	UBERON:0000081	ABCA4	ENSG00000198691.14	https://deepmind.google.com/science/alphagenome/atlas?q=chr1:94080511:T%3EA&m=variant&lItems=avi,section:RNA_SEQ,section:SPLICE_JUNCTIONS,section:SPLICE_SITE_USAGE,section:SPLICE_SITES
chr1:94080511:T>A	SPLICE_SITES	0.7447509765625	0	donor			ABCA4	ENSG00000198691.14	https://deepmind.google.com/science/alphagenome/atlas?q=chr1:94080511:T%3EA&m=variant&lItems=avi,section:RNA_SEQ,section:SPLICE_JUNCTIONS,section:SPLICE_SITE_USAGE,section:SPLICE_SITES
chr1:94080511:T>A	SPLICE_SITE_USAGE	0.43674468994140625	210	usage_UBERON:0000473 polyA plus RNA-seq	testis	UBERON:0000473	ABCA4	ENSG00000198691.14	https://deepmind.google.com/science/alphagenome/atlas?q=chr1:94080511:T%3EA&m=variant&lItems=avi,section:RNA_SEQ,section:SPLICE_JUNCTIONS,section:SPLICE_SITE_USAGE,section:SPLICE_SITES
chr1:94037276:C>A	ATAC	0.14013290405273438	133	UBERON:0001159 ATAC-seq	sigmoid colon	UBERON:0001159			https://deepmind.google.com/science/alphagenome/atlas?q=chr1:94037276:C%3EA&m=variant&lItems=avi,section:RNA_SEQ,section:SPLICE_JUNCTIONS,section:SPLICE_SITE_USAGE,section:SPLICE_SITES
chr1:94037276:C>A	CAGE	-0.26476848125457764	429	hCAGE EFO:0002784	GM12878	EFO:0002784			https://deepmind.google.com/science/alphagenome/atlas?q=chr1:94037276:C%3EA&m=variant&lItems=avi,section:RNA_SEQ,section:SPLICE_JUNCTIONS,section:SPLICE_SITE_USAGE,section:SPLICE_SITES
chr1:94037276:C>A	CHIP_HISTONE	0.08055496215820312	1026	UBERON:0004550 Histone ChIP-seq H3K27ac	gastroesophageal sphincter	UBERON:0004550			https://deepmind.google.com/science/alphagenome/atlas?q=chr1:94037276:C%3EA&m=variant&lItems=avi,section:RNA_SEQ,section:SPLICE_JUNCTIONS,section:SPLICE_SITE_USAGE,section:SPLICE_SITES
chr1:94037276:C>A	CHIP_TF	0.11892986297607422	1592	UBERON:0004550 TF ChIP-seq POLR2AphosphoS5	gastroesophageal sphincter	UBERON:0004550			https://deepmind.google.com/science/alphagenome/atlas?q=chr1:94037276:C%3EA&m=variant&lItems=avi,section:RNA_SEQ,section:SPLICE_JUNCTIONS,section:SPLICE_SITE_USAGE,section:SPLICE_SITES
chr1:94037276:C>A	CONTACT_MAPS	0.002711772918701172	1	4dn:4DNFI9FVHJZQ	HFFc6	EFO:0009318			https://deepmind.google.com/science/alphagenome/atlas?q=chr1:94037276:C%3EA&m=variant&lItems=avi,section:RNA_SEQ,section:SPLICE_JUNCTIONS,section:SPLICE_SITE_USAGE,section:SPLICE_SITES
chr1:94037276:C>A	DNASE	0.13611602783203125	63	CL:0002555 DNase-seq	fibroblast of mammary gland	CL:0002555			https://deepmind.google.com/science/alphagenome/atlas?q=chr1:94037276:C%3EA&m=variant&lItems=avi,section:RNA_SEQ,section:SPLICE_JUNCTIONS,section:SPLICE_SITE_USAGE,section:SPLICE_SITES
chr1:94037276:C>A	PROCAP	0.07683253288269043	7	ENCSR182QNJ	Caco-2	EFO:0001099			https://deepmind.google.com/science/alphagenome/atlas?q=chr1:94037276:C%3EA&m=variant&lItems=avi,section:RNA_SEQ,section:SPLICE_JUNCTIONS,section:SPLICE_SITE_USAGE,section:SPLICE_SITES
chr1:94037276:C>A	RNA_SEQ	-0.06421506404876709	102	CL:2000071 total RNA-seq	mammary microvascular endothelial cell	CL:2000071	ABCA4	ENSG00000198691.14	https://deepmind.google.com/science/alphagenome/atlas?q=chr1:94037276:C%3EA&m=variant&lItems=avi,section:RNA_SEQ,section:SPLICE_JUNCTIONS,section:SPLICE_SITE_USAGE,section:SPLICE_SITES
chr1:94037276:C>A	SPLICE_JUNCTIONS	3.5546875	113	junction_CL:2000040 total RNA-seq	bladder microvascular endothelial cell	CL:2000040	ABCA4	ENSG00000198691.14	https://deepmind.google.com/science/alphagenome/atlas?q=chr1:94037276:C%3EA&m=variant&lItems=avi,section:RNA_SEQ,section:SPLICE_JUNCTIONS,section:SPLICE_SITE_USAGE,section:SPLICE_SITES
chr1:94037276:C>A	SPLICE_SITES	0.5283203125	1	acceptor			ABCA4	ENSG00000198691.14	https://deepmind.google.com/science/alphagenome/atlas?q=chr1:94037276:C%3EA&m=variant&lItems=avi,section:RNA_SEQ,section:SPLICE_JUNCTIONS,section:SPLICE_SITE_USAGE,section:SPLICE_SITES
chr1:94037276:C>A	SPLICE_SITE_USAGE	0.30078125	199	usage_NTR:0003013 polyA plus RNA-seq	placental basal plate	NTR:0003013	ABCA4	ENSG00000198691.14	https://deepmind.google.com/science/alphagenome/atlas?q=chr1:94037276:C%3EA&m=variant&lItems=avi,section:RNA_SEQ,section:SPLICE_JUNCTIONS,section:SPLICE_SITE_USAGE,section:SPLICE_SITES
chr1:94021405:C>T	ATAC	-1.079404354095459	61	EFO:0002074 ATAC-seq	PC-3	EFO:0002074			https://deepmind.google.com/science/alphagenome/atlas?q=chr1:94021405:C%3ET&m=variant&lItems=avi,section:RNA_SEQ,section:SPLICE_JUNCTIONS,section:SPLICE_SITE_USAGE,section:SPLICE_SITES
chr1:94021405:C>T	CAGE	-1.57240891456604	430	hCAGE EFO:0002791	HeLa-S3	EFO:0002791			https://deepmind.google.com/science/alphagenome/atlas?q=chr1:94021405:C%3ET&m=variant&lItems=avi,section:RNA_SEQ,section:SPLICE_JUNCTIONS,section:SPLICE_SITE_USAGE,section:SPLICE_SITES
chr1:94021405:C>T	CHIP_HISTONE	-0.8458414077758789	454	EFO:0002791 Histone ChIP-seq H3K27ac	HeLa-S3	EFO:0002791			https://deepmind.google.com/science/alphagenome/atlas?q=chr1:94021405:C%3ET&m=variant&lItems=avi,section:RNA_SEQ,section:SPLICE_JUNCTIONS,section:SPLICE_SITE_USAGE,section:SPLICE_SITES
chr1:94021405:C>T	CHIP_TF	-0.8291158676147461	1300	EFO:0002791 TF ChIP-seq POLR2A	HeLa-S3	EFO:0002791			https://deepmind.google.com/science/alphagenome/atlas?q=chr1:94021405:C%3ET&m=variant&lItems=avi,section:RNA_SEQ,section:SPLICE_JUNCTIONS,section:SPLICE_SITE_USAGE,section:SPLICE_SITES
chr1:94021405:C>T	CONTACT_MAPS	0.003300219774246216	1	4dn:4DNFI9FVHJZQ	HFFc6	EFO:0009318			https://deepmind.google.com/science/alphagenome/atlas?q=chr1:94021405:C%3ET&m=variant&lItems=avi,section:RNA_SEQ,section:SPLICE_JUNCTIONS,section:SPLICE_SITE_USAGE,section:SPLICE_SITES
chr1:94021405:C>T	DNASE	-1.5830192565917969	142	EFO:0002791 DNase-seq	HeLa-S3	EFO:0002791			https://deepmind.google.com/science/alphagenome/atlas?q=chr1:94021405:C%3ET&m=variant&lItems=avi,section:RNA_SEQ,section:SPLICE_JUNCTIONS,section:SPLICE_SITE_USAGE,section:SPLICE_SITES
chr1:94021405:C>T	PROCAP	-1.9845616817474365	9	ENCSR797DEF	Calu3	EFO:0002819			https://deepmind.google.com/science/alphagenome/atlas?q=chr1:94021405:C%3ET&m=variant&lItems=avi,section:RNA_SEQ,section:SPLICE_JUNCTIONS,section:SPLICE_SITE_USAGE,section:SPLICE_SITES
chr1:94021405:C>T	RNA_SEQ	-0.06376338005065918	23	CL:0000515 polyA plus RNA-seq	skeletal muscle myoblast	CL:0000515	ABCA4	ENSG00000198691.14	https://deepmind.google.com/science/alphagenome/atlas?q=chr1:94021405:C%3ET&m=variant&lItems=avi,section:RNA_SEQ,section:SPLICE_JUNCTIONS,section:SPLICE_SITE_USAGE,section:SPLICE_SITES
chr1:94021405:C>T	SPLICE_JUNCTIONS	1.150390625	352	junction_UBERON:0009834 total RNA-seq	dorsolateral prefrontal cortex	UBERON:0009834	ABCA4	ENSG00000198691.14	https://deepmind.google.com/science/alphagenome/atlas?q=chr1:94021405:C%3ET&m=variant&lItems=avi,section:RNA_SEQ,section:SPLICE_JUNCTIONS,section:SPLICE_SITE_USAGE,section:SPLICE_SITES
chr1:94021405:C>T	SPLICE_SITES	0.06879782676696777	1	acceptor			ABCA4	ENSG00000198691.14	https://deepmind.google.com/science/alphagenome/atlas?q=chr1:94021405:C%3ET&m=variant&lItems=avi,section:RNA_SEQ,section:SPLICE_JUNCTIONS,section:SPLICE_SITE_USAGE,section:SPLICE_SITES
chr1:94021405:C>T	SPLICE_SITE_USAGE	0.06640625	85	usage_CL:0002584 total RNA-seq	renal cortical epithelial cell	CL:0002584	ABCA4	ENSG00000198691.14	https://deepmind.google.com/science/alphagenome/atlas?q=chr1:94021405:C%3ET&m=variant&lItems=avi,section:RNA_SEQ,section:SPLICE_JUNCTIONS,section:SPLICE_SITE_USAGE,section:SPLICE_SITES
chr1:94029630:C>A	ATAC	-0.03432869911193848	1	CL:0000100 ATAC-seq	motor neuron	CL:0000100			https://deepmind.google.com/science/alphagenome/atlas?q=chr1:94029630:C%3EA&m=variant&lItems=avi,section:RNA_SEQ,section:SPLICE_JUNCTIONS,section:SPLICE_SITE_USAGE,section:SPLICE_SITES
chr1:94029630:C>A	CAGE	0.07590103149414062	528	hCAGE UBERON:0002448	fungiform papilla	UBERON:0002448			https://deepmind.google.com/science/alphagenome/atlas?q=chr1:94029630:C%3EA&m=variant&lItems=avi,section:RNA_SEQ,section:SPLICE_JUNCTIONS,section:SPLICE_SITE_USAGE,section:SPLICE_SITES
chr1:94029630:C>A	CHIP_HISTONE	-0.03412342071533203	870	UBERON:0001383 Histone ChIP-seq H3K4me1	muscle of leg	UBERON:0001383			https://deepmind.google.com/science/alphagenome/atlas?q=chr1:94029630:C%3EA&m=variant&lItems=avi,section:RNA_SEQ,section:SPLICE_JUNCTIONS,section:SPLICE_SITE_USAGE,section:SPLICE_SITES
chr1:94029630:C>A	CHIP_TF	0.03428363800048828	774	EFO:0001203 TF ChIP-seq CREB1	MCF-7	EFO:0001203			https://deepmind.google.com/science/alphagenome/atlas?q=chr1:94029630:C%3EA&m=variant&lItems=avi,section:RNA_SEQ,section:SPLICE_JUNCTIONS,section:SPLICE_SITE_USAGE,section:SPLICE_SITES
chr1:94029630:C>A	CONTACT_MAPS	0.0017317533493041992	1	4dn:4DNFI9FVHJZQ	HFFc6	EFO:0009318			https://deepmind.google.com/science/alphagenome/atlas?q=chr1:94029630:C%3EA&m=variant&lItems=avi,section:RNA_SEQ,section:SPLICE_JUNCTIONS,section:SPLICE_SITE_USAGE,section:SPLICE_SITES
chr1:94029630:C>A	DNASE	-0.07932114601135254	8	CL:0000187 DNase-seq	myocyte	CL:0000187			https://deepmind.google.com/science/alphagenome/atlas?q=chr1:94029630:C%3EA&m=variant&lItems=avi,section:RNA_SEQ,section:SPLICE_JUNCTIONS,section:SPLICE_SITE_USAGE,section:SPLICE_SITES
chr1:94029630:C>A	PROCAP	-0.025742292404174805	10	ENCSR801ECP	endothelial cell of umbilical vein	CL:0002618			https://deepmind.google.com/science/alphagenome/atlas?q=chr1:94029630:C%3EA&m=variant&lItems=avi,section:RNA_SEQ,section:SPLICE_JUNCTIONS,section:SPLICE_SITE_USAGE,section:SPLICE_SITES
chr1:94029630:C>A	RNA_SEQ	0.026121020317077637	102	CL:2000071 total RNA-seq	mammary microvascular endothelial cell	CL:2000071	ABCA4	ENSG00000198691.14	https://deepmind.google.com/science/alphagenome/atlas?q=chr1:94029630:C%3EA&m=variant&lItems=avi,section:RNA_SEQ,section:SPLICE_JUNCTIONS,section:SPLICE_SITE_USAGE,section:SPLICE_SITES
chr1:94029630:C>A	SPLICE_JUNCTIONS	3.462890625	114	junction_CL:2000041 total RNA-seq	dermis microvascular lymphatic vessel endothelial cell	CL:2000041	ABCA4	ENSG00000198691.14	https://deepmind.google.com/science/alphagenome/atlas?q=chr1:94029630:C%3EA&m=variant&lItems=avi,section:RNA_SEQ,section:SPLICE_JUNCTIONS,section:SPLICE_SITE_USAGE,section:SPLICE_SITES
chr1:94029630:C>A	SPLICE_SITES	0.673828125	1	acceptor			ABCA4	ENSG00000198691.14	https://deepmind.google.com/science/alphagenome/atlas?q=chr1:94029630:C%3EA&m=variant&lItems=avi,section:RNA_SEQ,section:SPLICE_JUNCTIONS,section:SPLICE_SITE_USAGE,section:SPLICE_SITES
chr1:94029630:C>A	SPLICE_SITE_USAGE	0.44384765625	210	usage_UBERON:0000473 polyA plus RNA-seq	testis	UBERON:0000473	ABCA4	ENSG00000198691.14	https://deepmind.google.com/science/alphagenome/atlas?q=chr1:94029630:C%3EA&m=variant&lItems=avi,section:RNA_SEQ,section:SPLICE_JUNCTIONS,section:SPLICE_SITE_USAGE,section:SPLICE_SITES
chr1:94021404:C>T	ATAC	-1.0478057861328125	61	EFO:0002074 ATAC-seq	PC-3	EFO:0002074			https://deepmind.google.com/science/alphagenome/atlas?q=chr1:94021404:C%3ET&m=variant&lItems=avi,section:RNA_SEQ,section:SPLICE_JUNCTIONS,section:SPLICE_SITE_USAGE,section:SPLICE_SITES
chr1:94021404:C>T	CAGE	-1.4191641807556152	430	hCAGE EFO:0002791	HeLa-S3	EFO:0002791			https://deepmind.google.com/science/alphagenome/atlas?q=chr1:94021404:C%3ET&m=variant&lItems=avi,section:RNA_SEQ,section:SPLICE_JUNCTIONS,section:SPLICE_SITE_USAGE,section:SPLICE_SITES
chr1:94021404:C>T	CHIP_HISTONE	-0.7398500442504883	454	EFO:0002791 Histone ChIP-seq H3K27ac	HeLa-S3	EFO:0002791			https://deepmind.google.com/science/alphagenome/atlas?q=chr1:94021404:C%3ET&m=variant&lItems=avi,section:RNA_SEQ,section:SPLICE_JUNCTIONS,section:SPLICE_SITE_USAGE,section:SPLICE_SITES
chr1:94021404:C>T	CHIP_TF	-0.7326526641845703	1300	EFO:0002791 TF ChIP-seq POLR2A	HeLa-S3	EFO:0002791			https://deepmind.google.com/science/alphagenome/atlas?q=chr1:94021404:C%3ET&m=variant&lItems=avi,section:RNA_SEQ,section:SPLICE_JUNCTIONS,section:SPLICE_SITE_USAGE,section:SPLICE_SITES
chr1:94021404:C>T	CONTACT_MAPS	0.0038254261016845703	0	4dn:4DNFI9GMP2J8	H1-hESC	EFO:0003042			https://deepmind.google.com/science/alphagenome/atlas?q=chr1:94021404:C%3ET&m=variant&lItems=avi,section:RNA_SEQ,section:SPLICE_JUNCTIONS,section:SPLICE_SITE_USAGE,section:SPLICE_SITES
chr1:94021404:C>T	DNASE	-1.36360502243042	142	EFO:0002791 DNase-seq	HeLa-S3	EFO:0002791			https://deepmind.google.com/science/alphagenome/atlas?q=chr1:94021404:C%3ET&m=variant&lItems=avi,section:RNA_SEQ,section:SPLICE_JUNCTIONS,section:SPLICE_SITE_USAGE,section:SPLICE_SITES
chr1:94021404:C>T	PROCAP	-1.8028781414031982	9	ENCSR797DEF	Calu3	EFO:0002819			https://deepmind.google.com/science/alphagenome/atlas?q=chr1:94021404:C%3ET&m=variant&lItems=avi,section:RNA_SEQ,section:SPLICE_JUNCTIONS,section:SPLICE_SITE_USAGE,section:SPLICE_SITES
chr1:94021404:C>T	RNA_SEQ	-0.04053354263305664	134	EFO:0002791 polyA plus RNA-seq	HeLa-S3	EFO:0002791	ABCA4	ENSG00000198691.14	https://deepmind.google.com/science/alphagenome/atlas?q=chr1:94021404:C%3ET&m=variant&lItems=avi,section:RNA_SEQ,section:SPLICE_JUNCTIONS,section:SPLICE_SITE_USAGE,section:SPLICE_SITES
chr1:94021404:C>T	SPLICE_JUNCTIONS	0.1363525390625	14	junction_CL:0000187 polyA plus RNA-seq	myocyte	CL:0000187	ABCA4	ENSG00000198691.14	https://deepmind.google.com/science/alphagenome/atlas?q=chr1:94021404:C%3ET&m=variant&lItems=avi,section:RNA_SEQ,section:SPLICE_JUNCTIONS,section:SPLICE_SITE_USAGE,section:SPLICE_SITES
chr1:94021404:C>T	SPLICE_SITES	0.0185546875	0	donor			ABCA4	ENSG00000198691.14	https://deepmind.google.com/science/alphagenome/atlas?q=chr1:94021404:C%3ET&m=variant&lItems=avi,section:RNA_SEQ,section:SPLICE_JUNCTIONS,section:SPLICE_SITE_USAGE,section:SPLICE_SITES
chr1:94021404:C>T	SPLICE_SITE_USAGE	0.0390625	210	usage_UBERON:0000473 polyA plus RNA-seq	testis	UBERON:0000473	ABCA4	ENSG00000198691.14	https://deepmind.google.com/science/alphagenome/atlas?q=chr1:94021404:C%3ET&m=variant&lItems=avi,section:RNA_SEQ,section:SPLICE_JUNCTIONS,section:SPLICE_SITE_USAGE,section:SPLICE_SITES
chr1:94031778:C>G	ATAC	0.9342484474182129	57	EFO:0001196 ATAC-seq	IMR-90	EFO:0001196			https://deepmind.google.com/science/alphagenome/atlas?q=chr1:94031778:C%3EG&m=variant&lItems=avi,section:RNA_SEQ,section:SPLICE_JUNCTIONS,section:SPLICE_SITE_USAGE,section:SPLICE_SITES
chr1:94031778:C>G	CAGE	0.5998718738555908	94	hCAGE CL:0002566	dark melanocyte	CL:0002566			https://deepmind.google.com/science/alphagenome/atlas?q=chr1:94031778:C%3EG&m=variant&lItems=avi,section:RNA_SEQ,section:SPLICE_JUNCTIONS,section:SPLICE_SITE_USAGE,section:SPLICE_SITES
chr1:94031778:C>G	CHIP_HISTONE	0.5002593994140625	279	CL:0002618 Histone ChIP-seq H3K4me1	endothelial cell of umbilical vein	CL:0002618			https://deepmind.google.com/science/alphagenome/atlas?q=chr1:94031778:C%3EG&m=variant&lItems=avi,section:RNA_SEQ,section:SPLICE_JUNCTIONS,section:SPLICE_SITE_USAGE,section:SPLICE_SITES
chr1:94031778:C>G	CHIP_TF	0.7284917831420898	1560	UBERON:0002106 TF ChIP-seq POLR2AphosphoS5	spleen	UBERON:0002106			https://deepmind.google.com/science/alphagenome/atlas?q=chr1:94031778:C%3EG&m=variant&lItems=avi,section:RNA_SEQ,section:SPLICE_JUNCTIONS,section:SPLICE_SITE_USAGE,section:SPLICE_SITES
chr1:94031778:C>G	CONTACT_MAPS	0.0037434399127960205	1	4dn:4DNFI9FVHJZQ	HFFc6	EFO:0009318			https://deepmind.google.com/science/alphagenome/atlas?q=chr1:94031778:C%3EG&m=variant&lItems=avi,section:RNA_SEQ,section:SPLICE_JUNCTIONS,section:SPLICE_SITE_USAGE,section:SPLICE_SITES
chr1:94031778:C>G	DNASE	1.9678912162780762	14	CL:0000515 DNase-seq	skeletal muscle myoblast	CL:0000515			https://deepmind.google.com/science/alphagenome/atlas?q=chr1:94031778:C%3EG&m=variant&lItems=avi,section:RNA_SEQ,section:SPLICE_JUNCTIONS,section:SPLICE_SITE_USAGE,section:SPLICE_SITES
chr1:94031778:C>G	PROCAP	1.6660749912261963	4	ENCSR801ECP	endothelial cell of umbilical vein	CL:0002618			https://deepmind.google.com/science/alphagenome/atlas?q=chr1:94031778:C%3EG&m=variant&lItems=avi,section:RNA_SEQ,section:SPLICE_JUNCTIONS,section:SPLICE_SITE_USAGE,section:SPLICE_SITES
chr1:94031778:C>G	RNA_SEQ	-0.13306164741516113	102	CL:2000071 total RNA-seq	mammary microvascular endothelial cell	CL:2000071	ABCA4	ENSG00000198691.14	https://deepmind.google.com/science/alphagenome/atlas?q=chr1:94031778:C%3EG&m=variant&lItems=avi,section:RNA_SEQ,section:SPLICE_JUNCTIONS,section:SPLICE_SITE_USAGE,section:SPLICE_SITES
chr1:94031778:C>G	SPLICE_JUNCTIONS	5.75390625	114	junction_CL:2000041 total RNA-seq	dermis microvascular lymphatic vessel endothelial cell	CL:2000041	ABCA4	ENSG00000198691.14	https://deepmind.google.com/science/alphagenome/atlas?q=chr1:94031778:C%3EG&m=variant&lItems=avi,section:RNA_SEQ,section:SPLICE_JUNCTIONS,section:SPLICE_SITE_USAGE,section:SPLICE_SITES
chr1:94031778:C>G	SPLICE_SITES	0.9342041015625	0	donor			ABCA4	ENSG00000198691.14	https://deepmind.google.com/science/alphagenome/atlas?q=chr1:94031778:C%3EG&m=variant&lItems=avi,section:RNA_SEQ,section:SPLICE_JUNCTIONS,section:SPLICE_SITE_USAGE,section:SPLICE_SITES
chr1:94031778:C>G	SPLICE_SITE_USAGE	0.531153678894043	199	usage_NTR:0003013 polyA plus RNA-seq	placental basal plate	NTR:0003013	ABCA4	ENSG00000198691.14	https://deepmind.google.com/science/alphagenome/atlas?q=chr1:94031778:C%3EG&m=variant&lItems=avi,section:RNA_SEQ,section:SPLICE_JUNCTIONS,section:SPLICE_SITE_USAGE,section:SPLICE_SITES
chr1:94103017:G>A	ATAC	-0.04656052589416504	69	EFO:0009747 ATAC-seq	WTC11	EFO:0009747			https://deepmind.google.com/science/alphagenome/atlas?q=chr1:94103017:G%3EA&m=variant&lItems=avi,section:RNA_SEQ,section:SPLICE_JUNCTIONS,section:SPLICE_SITE_USAGE,section:SPLICE_SITES
chr1:94103017:G>A	CAGE	-0.30150914192199707	439	hCAGE UBERON:0000019	camera-type eye	UBERON:0000019			https://deepmind.google.com/science/alphagenome/atlas?q=chr1:94103017:G%3EA&m=variant&lItems=avi,section:RNA_SEQ,section:SPLICE_JUNCTIONS,section:SPLICE_SITE_USAGE,section:SPLICE_SITES
chr1:94103017:G>A	CHIP_HISTONE	-0.05532360076904297	521	EFO:0005236 Histone ChIP-seq H3K36me3	NT2/D1	EFO:0005236			https://deepmind.google.com/science/alphagenome/atlas?q=chr1:94103017:G%3EA&m=variant&lItems=avi,section:RNA_SEQ,section:SPLICE_JUNCTIONS,section:SPLICE_SITE_USAGE,section:SPLICE_SITES
chr1:94103017:G>A	CHIP_TF	-0.2979869842529297	646	EFO:0001187 TF ChIP-seq ZNF280B genetically modified (insertion) using CRISPR targeting H. sapiens ZNF280B	HepG2	EFO:0001187			https://deepmind.google.com/science/alphagenome/atlas?q=chr1:94103017:G%3EA&m=variant&lItems=avi,section:RNA_SEQ,section:SPLICE_JUNCTIONS,section:SPLICE_SITE_USAGE,section:SPLICE_SITES
chr1:94103017:G>A	CONTACT_MAPS	0.0020966529846191406	18	4dn:4DNFINQYW56E	H1-hESC	EFO:0003042			https://deepmind.google.com/science/alphagenome/atlas?q=chr1:94103017:G%3EA&m=variant&lItems=avi,section:RNA_SEQ,section:SPLICE_JUNCTIONS,section:SPLICE_SITE_USAGE,section:SPLICE_SITES
chr1:94103017:G>A	DNASE	-0.2755155563354492	265	UBERON:0002168 DNase-seq	left lung	UBERON:0002168			https://deepmind.google.com/science/alphagenome/atlas?q=chr1:94103017:G%3EA&m=variant&lItems=avi,section:RNA_SEQ,section:SPLICE_JUNCTIONS,section:SPLICE_SITE_USAGE,section:SPLICE_SITES
chr1:94103017:G>A	PROCAP	-0.03788819909095764	10	ENCSR801ECP	endothelial cell of umbilical vein	CL:0002618			https://deepmind.google.com/science/alphagenome/atlas?q=chr1:94103017:G%3EA&m=variant&lItems=avi,section:RNA_SEQ,section:SPLICE_JUNCTIONS,section:SPLICE_SITE_USAGE,section:SPLICE_SITES
chr1:94103017:G>A	RNA_SEQ	-0.0873556137084961	214	UBERON:0001987 polyA plus RNA-seq	placenta	UBERON:0001987	ABCA4	ENSG00000198691.14	https://deepmind.google.com/science/alphagenome/atlas?q=chr1:94103017:G%3EA&m=variant&lItems=avi,section:RNA_SEQ,section:SPLICE_JUNCTIONS,section:SPLICE_SITE_USAGE,section:SPLICE_SITES
chr1:94103017:G>A	SPLICE_JUNCTIONS	1.80859375	352	junction_UBERON:0009834 total RNA-seq	dorsolateral prefrontal cortex	UBERON:0009834	ABCA4	ENSG00000198691.14	https://deepmind.google.com/science/alphagenome/atlas?q=chr1:94103017:G%3EA&m=variant&lItems=avi,section:RNA_SEQ,section:SPLICE_JUNCTIONS,section:SPLICE_SITE_USAGE,section:SPLICE_SITES
chr1:94103017:G>A	SPLICE_SITES	0.3359375	0	donor			ABCA4	ENSG00000198691.14	https://deepmind.google.com/science/alphagenome/atlas?q=chr1:94103017:G%3EA&m=variant&lItems=avi,section:RNA_SEQ,section:SPLICE_JUNCTIONS,section:SPLICE_SITE_USAGE,section:SPLICE_SITES
chr1:94103017:G>A	SPLICE_SITE_USAGE	0.392578125	210	usage_UBERON:0000473 polyA plus RNA-seq	testis	UBERON:0000473	ABCA4	ENSG00000198691.14	https://deepmind.google.com/science/alphagenome/atlas?q=chr1:94103017:G%3EA&m=variant&lItems=avi,section:RNA_SEQ,section:SPLICE_JUNCTIONS,section:SPLICE_SITE_USAGE,section:SPLICE_SITES
chr1:94036770:C>A	ATAC	-0.09581184387207031	126	UBERON:0000992 ATAC-seq	ovary	UBERON:0000992			https://deepmind.google.com/science/alphagenome/atlas?q=chr1:94036770:C%3EA&m=variant&lItems=avi,section:RNA_SEQ,section:SPLICE_JUNCTIONS,section:SPLICE_SITE_USAGE,section:SPLICE_SITES
chr1:94036770:C>A	CAGE	-0.5103790760040283	439	hCAGE UBERON:0000019	camera-type eye	UBERON:0000019			https://deepmind.google.com/science/alphagenome/atlas?q=chr1:94036770:C%3EA&m=variant&lItems=avi,section:RNA_SEQ,section:SPLICE_JUNCTIONS,section:SPLICE_SITE_USAGE,section:SPLICE_SITES
chr1:94036770:C>A	CHIP_HISTONE	-0.0979766845703125	242	CL:0002372 Histone ChIP-seq H3K27ac	myotube	CL:0002372			https://deepmind.google.com/science/alphagenome/atlas?q=chr1:94036770:C%3EA&m=variant&lItems=avi,section:RNA_SEQ,section:SPLICE_JUNCTIONS,section:SPLICE_SITE_USAGE,section:SPLICE_SITES
chr1:94036770:C>A	CHIP_TF	0.09484481811523438	260	EFO:0001187 TF ChIP-seq CREB1	HepG2	EFO:0001187			https://deepmind.google.com/science/alphagenome/atlas?q=chr1:94036770:C%3EA&m=variant&lItems=avi,section:RNA_SEQ,section:SPLICE_JUNCTIONS,section:SPLICE_SITE_USAGE,section:SPLICE_SITES
chr1:94036770:C>A	CONTACT_MAPS	0.0029525458812713623	1	4dn:4DNFI9FVHJZQ	HFFc6	EFO:0009318			https://deepmind.google.com/science/alphagenome/atlas?q=chr1:94036770:C%3EA&m=variant&lItems=avi,section:RNA_SEQ,section:SPLICE_JUNCTIONS,section:SPLICE_SITE_USAGE,section:SPLICE_SITES
chr1:94036770:C>A	DNASE	0.22655153274536133	31	CL:0000863 DNase-seq	inflammatory macrophage	CL:0000863			https://deepmind.google.com/science/alphagenome/atlas?q=chr1:94036770:C%3EA&m=variant&lItems=avi,section:RNA_SEQ,section:SPLICE_JUNCTIONS,section:SPLICE_SITE_USAGE,section:SPLICE_SITES
chr1:94036770:C>A	PROCAP	0.11113792657852173	11	ENCSR860TYZ	MCF 10A	EFO:0001200			https://deepmind.google.com/science/alphagenome/atlas?q=chr1:94036770:C%3EA&m=variant&lItems=avi,section:RNA_SEQ,section:SPLICE_JUNCTIONS,section:SPLICE_SITE_USAGE,section:SPLICE_SITES
chr1:94036770:C>A	RNA_SEQ	-0.025575637817382812	100	CL:2000067 total RNA-seq	cardiac atrium fibroblast	CL:2000067	ABCA4	ENSG00000198691.14	https://deepmind.google.com/science/alphagenome/atlas?q=chr1:94036770:C%3EA&m=variant&lItems=avi,section:RNA_SEQ,section:SPLICE_JUNCTIONS,section:SPLICE_SITE_USAGE,section:SPLICE_SITES
chr1:94036770:C>A	SPLICE_JUNCTIONS	3.994140625	352	junction_UBERON:0009834 total RNA-seq	dorsolateral prefrontal cortex	UBERON:0009834	ABCA4	ENSG00000198691.14	https://deepmind.google.com/science/alphagenome/atlas?q=chr1:94036770:C%3EA&m=variant&lItems=avi,section:RNA_SEQ,section:SPLICE_JUNCTIONS,section:SPLICE_SITE_USAGE,section:SPLICE_SITES
chr1:94036770:C>A	SPLICE_SITES	0.48046875	0	donor			ABCA4	ENSG00000198691.14	https://deepmind.google.com/science/alphagenome/atlas?q=chr1:94036770:C%3EA&m=variant&lItems=avi,section:RNA_SEQ,section:SPLICE_JUNCTIONS,section:SPLICE_SITE_USAGE,section:SPLICE_SITES
chr1:94036770:C>A	SPLICE_SITE_USAGE	0.566162109375	199	usage_NTR:0003013 polyA plus RNA-seq	placental basal plate	NTR:0003013	ABCA4	ENSG00000198691.14	https://deepmind.google.com/science/alphagenome/atlas?q=chr1:94036770:C%3EA&m=variant&lItems=avi,section:RNA_SEQ,section:SPLICE_JUNCTIONS,section:SPLICE_SITE_USAGE,section:SPLICE_SITES
chr1:94029504:C>A	ATAC	-0.37819862365722656	66	EFO:0007074 ATAC-seq	DND-41	EFO:0007074			https://deepmind.google.com/science/alphagenome/atlas?q=chr1:94029504:C%3EA&m=variant&lItems=avi,section:RNA_SEQ,section:SPLICE_JUNCTIONS,section:SPLICE_SITE_USAGE,section:SPLICE_SITES
chr1:94029504:C>A	CAGE	-0.17106235027313232	525	hCAGE UBERON:0002370	thymus	UBERON:0002370			https://deepmind.google.com/science/alphagenome/atlas?q=chr1:94029504:C%3EA&m=variant&lItems=avi,section:RNA_SEQ,section:SPLICE_JUNCTIONS,section:SPLICE_SITE_USAGE,section:SPLICE_SITES
chr1:94029504:C>A	CHIP_HISTONE	-0.36596202850341797	591	EFO:0006283 Histone ChIP-seq H3K27ac	KOPT-K1	EFO:0006283			https://deepmind.google.com/science/alphagenome/atlas?q=chr1:94029504:C%3EA&m=variant&lItems=avi,section:RNA_SEQ,section:SPLICE_JUNCTIONS,section:SPLICE_SITE_USAGE,section:SPLICE_SITES
chr1:94029504:C>A	CHIP_TF	-0.25878334045410156	162	EFO:0001182 TF ChIP-seq ZIC2 genetically modified (insertion) using site-specific recombination targeting H. sapiens ZIC2	HEK293	EFO:0001182			https://deepmind.google.com/science/alphagenome/atlas?q=chr1:94029504:C%3EA&m=variant&lItems=avi,section:RNA_SEQ,section:SPLICE_JUNCTIONS,section:SPLICE_SITE_USAGE,section:SPLICE_SITES
chr1:94029504:C>A	CONTACT_MAPS	0.0020987093448638916	1	4dn:4DNFI9FVHJZQ	HFFc6	EFO:0009318			https://deepmind.google.com/science/alphagenome/atlas?q=chr1:94029504:C%3EA&m=variant&lItems=avi,section:RNA_SEQ,section:SPLICE_JUNCTIONS,section:SPLICE_SITE_USAGE,section:SPLICE_SITES
chr1:94029504:C>A	DNASE	-0.3749117851257324	187	EFO:0007074 DNase-seq	DND-41	EFO:0007074			https://deepmind.google.com/science/alphagenome/atlas?q=chr1:94029504:C%3EA&m=variant&lItems=avi,section:RNA_SEQ,section:SPLICE_JUNCTIONS,section:SPLICE_SITE_USAGE,section:SPLICE_SITES
chr1:94029504:C>A	PROCAP	-0.05299651622772217	0	ENCSR072YCM	A673	EFO:0002106			https://deepmind.google.com/science/alphagenome/atlas?q=chr1:94029504:C%3EA&m=variant&lItems=avi,section:RNA_SEQ,section:SPLICE_JUNCTIONS,section:SPLICE_SITE_USAGE,section:SPLICE_SITES
chr1:94029504:C>A	RNA_SEQ	-0.03041553497314453	287	CL:0001059 polyA plus RNA-seq	common myeloid progenitor, CD34-positive	CL:0001059	ABCA4	ENSG00000198691.14	https://deepmind.google.com/science/alphagenome/atlas?q=chr1:94029504:C%3EA&m=variant&lItems=avi,section:RNA_SEQ,section:SPLICE_JUNCTIONS,section:SPLICE_SITE_USAGE,section:SPLICE_SITES
chr1:94029504:C>A	SPLICE_JUNCTIONS	1.259765625	352	junction_UBERON:0009834 total RNA-seq	dorsolateral prefrontal cortex	UBERON:0009834	ABCA4	ENSG00000198691.14	https://deepmind.google.com/science/alphagenome/atlas?q=chr1:94029504:C%3EA&m=variant&lItems=avi,section:RNA_SEQ,section:SPLICE_JUNCTIONS,section:SPLICE_SITE_USAGE,section:SPLICE_SITES
chr1:94029504:C>A	SPLICE_SITES	0.40624257922172546	0	donor			ABCA4	ENSG00000198691.14	https://deepmind.google.com/science/alphagenome/atlas?q=chr1:94029504:C%3EA&m=variant&lItems=avi,section:RNA_SEQ,section:SPLICE_JUNCTIONS,section:SPLICE_SITE_USAGE,section:SPLICE_SITES
chr1:94029504:C>A	SPLICE_SITE_USAGE	0.05859375	261	usage_UBERON:0001774 polyA plus RNA-seq	muscle of trunk	UBERON:0001774	ABCA4	ENSG00000198691.14	https://deepmind.google.com/science/alphagenome/atlas?q=chr1:94029504:C%3EA&m=variant&lItems=avi,section:RNA_SEQ,section:SPLICE_JUNCTIONS,section:SPLICE_SITE_USAGE,section:SPLICE_SITES
chr1:94120985:G>A	ATAC	-0.12575578689575195	1	CL:0000100 ATAC-seq	motor neuron	CL:0000100			https://deepmind.google.com/science/alphagenome/atlas?q=chr1:94120985:G%3EA&m=variant&lItems=avi,section:RNA_SEQ,section:SPLICE_JUNCTIONS,section:SPLICE_SITE_USAGE,section:SPLICE_SITES
chr1:94120985:G>A	CAGE	-0.20261573791503906	484	hCAGE UBERON:0001871	temporal lobe	UBERON:0001871			https://deepmind.google.com/science/alphagenome/atlas?q=chr1:94120985:G%3EA&m=variant&lItems=avi,section:RNA_SEQ,section:SPLICE_JUNCTIONS,section:SPLICE_SITE_USAGE,section:SPLICE_SITES
chr1:94120985:G>A	CHIP_HISTONE	-0.05318260192871094	134	CL:0000540 Histone ChIP-seq H3K4me3	neuron	CL:0000540			https://deepmind.google.com/science/alphagenome/atlas?q=chr1:94120985:G%3EA&m=variant&lItems=avi,section:RNA_SEQ,section:SPLICE_JUNCTIONS,section:SPLICE_SITE_USAGE,section:SPLICE_SITES
chr1:94120985:G>A	CHIP_TF	-0.066864013671875	472	EFO:0001187 TF ChIP-seq POLR2G	HepG2	EFO:0001187			https://deepmind.google.com/science/alphagenome/atlas?q=chr1:94120985:G%3EA&m=variant&lItems=avi,section:RNA_SEQ,section:SPLICE_JUNCTIONS,section:SPLICE_SITE_USAGE,section:SPLICE_SITES
chr1:94120985:G>A	CONTACT_MAPS	0.00147247314453125	16	4dn:4DNFIMDOXUT8	skin fibroblast	CL:0002620			https://deepmind.google.com/science/alphagenome/atlas?q=chr1:94120985:G%3EA&m=variant&lItems=avi,section:RNA_SEQ,section:SPLICE_JUNCTIONS,section:SPLICE_SITE_USAGE,section:SPLICE_SITES
chr1:94120985:G>A	DNASE	-0.11061859130859375	175	EFO:0005722 DNase-seq	SJCRH30	EFO:0005722			https://deepmind.google.com/science/alphagenome/atlas?q=chr1:94120985:G%3EA&m=variant&lItems=avi,section:RNA_SEQ,section:SPLICE_JUNCTIONS,section:SPLICE_SITE_USAGE,section:SPLICE_SITES
chr1:94120985:G>A	PROCAP	-0.07336342334747314	10	ENCSR801ECP	endothelial cell of umbilical vein	CL:0002618			https://deepmind.google.com/science/alphagenome/atlas?q=chr1:94120985:G%3EA&m=variant&lItems=avi,section:RNA_SEQ,section:SPLICE_JUNCTIONS,section:SPLICE_SITE_USAGE,section:SPLICE_SITES
chr1:94120985:G>A	RNA_SEQ	-0.04888439178466797	31	CL:0000679 total RNA-seq	glutamatergic neuron	CL:0000679	ABCA4	ENSG00000198691.14	https://deepmind.google.com/science/alphagenome/atlas?q=chr1:94120985:G%3EA&m=variant&lItems=avi,section:RNA_SEQ,section:SPLICE_JUNCTIONS,section:SPLICE_SITE_USAGE,section:SPLICE_SITES
chr1:94120985:G>A	SPLICE_JUNCTIONS	2.029296875	341	junction_UBERON:0007106 polyA plus RNA-seq	chorionic villus	UBERON:0007106	ABCA4	ENSG00000198691.14	https://deepmind.google.com/science/alphagenome/atlas?q=chr1:94120985:G%3EA&m=variant&lItems=avi,section:RNA_SEQ,section:SPLICE_JUNCTIONS,section:SPLICE_SITE_USAGE,section:SPLICE_SITES
chr1:94120985:G>A	SPLICE_SITES	0.2029399871826172	0	donor			ABCA4	ENSG00000198691.14	https://deepmind.google.com/science/alphagenome/atlas?q=chr1:94120985:G%3EA&m=variant&lItems=avi,section:RNA_SEQ,section:SPLICE_JUNCTIONS,section:SPLICE_SITE_USAGE,section:SPLICE_SITES
chr1:94120985:G>A	SPLICE_SITE_USAGE	0.17041015625	352	usage_UBERON:0009834 total RNA-seq	dorsolateral prefrontal cortex	UBERON:0009834	ABCA4	ENSG00000198691.14	https://deepmind.google.com/science/alphagenome/atlas?q=chr1:94120985:G%3EA&m=variant&lItems=avi,section:RNA_SEQ,section:SPLICE_JUNCTIONS,section:SPLICE_SITE_USAGE,section:SPLICE_SITES
chr1:94014688:C>T	ATAC	-0.2097454071044922	14	CL:1001606 ATAC-seq	foreskin keratinocyte	CL:1001606			https://deepmind.google.com/science/alphagenome/atlas?q=chr1:94014688:C%3ET&m=variant&lItems=avi,section:RNA_SEQ,section:SPLICE_JUNCTIONS,section:SPLICE_SITE_USAGE,section:SPLICE_SITES
chr1:94014688:C>T	CAGE	-0.1369011402130127	408	hCAGE CL:0002621	gingival epithelial cell	CL:0002621			https://deepmind.google.com/science/alphagenome/atlas?q=chr1:94014688:C%3ET&m=variant&lItems=avi,section:RNA_SEQ,section:SPLICE_JUNCTIONS,section:SPLICE_SITE_USAGE,section:SPLICE_SITES
chr1:94014688:C>T	CHIP_HISTONE	-0.12350654602050781	212	CL:0002231 Histone ChIP-seq H3K27ac	epithelial cell of prostate	CL:0002231			https://deepmind.google.com/science/alphagenome/atlas?q=chr1:94014688:C%3ET&m=variant&lItems=avi,section:RNA_SEQ,section:SPLICE_JUNCTIONS,section:SPLICE_SITE_USAGE,section:SPLICE_SITES
chr1:94014688:C>T	CHIP_TF	0.14992237091064453	8	CL:0000223 TF ChIP-seq CTCF	endodermal cell	CL:0000223			https://deepmind.google.com/science/alphagenome/atlas?q=chr1:94014688:C%3ET&m=variant&lItems=avi,section:RNA_SEQ,section:SPLICE_JUNCTIONS,section:SPLICE_SITE_USAGE,section:SPLICE_SITES
chr1:94014688:C>T	CONTACT_MAPS	0.001523524522781372	1	4dn:4DNFI9FVHJZQ	HFFc6	EFO:0009318			https://deepmind.google.com/science/alphagenome/atlas?q=chr1:94014688:C%3ET&m=variant&lItems=avi,section:RNA_SEQ,section:SPLICE_JUNCTIONS,section:SPLICE_SITE_USAGE,section:SPLICE_SITES
chr1:94014688:C>T	DNASE	-0.37171411514282227	48	CL:0002252 DNase-seq	epithelial cell of esophagus	CL:0002252			https://deepmind.google.com/science/alphagenome/atlas?q=chr1:94014688:C%3ET&m=variant&lItems=avi,section:RNA_SEQ,section:SPLICE_JUNCTIONS,section:SPLICE_SITE_USAGE,section:SPLICE_SITES
chr1:94014688:C>T	PROCAP	-0.23789507150650024	5	ENCSR860TYZ	MCF 10A	EFO:0001200			https://deepmind.google.com/science/alphagenome/atlas?q=chr1:94014688:C%3ET&m=variant&lItems=avi,section:RNA_SEQ,section:SPLICE_JUNCTIONS,section:SPLICE_SITE_USAGE,section:SPLICE_SITES
chr1:94014688:C>T	RNA_SEQ	-0.021097660064697266	102	CL:2000071 total RNA-seq	mammary microvascular endothelial cell	CL:2000071	ABCA4	ENSG00000198691.14	https://deepmind.google.com/science/alphagenome/atlas?q=chr1:94014688:C%3ET&m=variant&lItems=avi,section:RNA_SEQ,section:SPLICE_JUNCTIONS,section:SPLICE_SITE_USAGE,section:SPLICE_SITES
chr1:94014688:C>T	SPLICE_JUNCTIONS	1.2578125	341	junction_UBERON:0007106 polyA plus RNA-seq	chorionic villus	UBERON:0007106	ABCA4	ENSG00000198691.14	https://deepmind.google.com/science/alphagenome/atlas?q=chr1:94014688:C%3ET&m=variant&lItems=avi,section:RNA_SEQ,section:SPLICE_JUNCTIONS,section:SPLICE_SITE_USAGE,section:SPLICE_SITES
chr1:94014688:C>T	SPLICE_SITES	0.3553891181945801	1	acceptor			ABCA4	ENSG00000198691.14	https://deepmind.google.com/science/alphagenome/atlas?q=chr1:94014688:C%3ET&m=variant&lItems=avi,section:RNA_SEQ,section:SPLICE_JUNCTIONS,section:SPLICE_SITE_USAGE,section:SPLICE_SITES
chr1:94014688:C>T	SPLICE_SITE_USAGE	0.0625	13	usage_CL:0000182 total RNA-seq	hepatocyte	CL:0000182	ABCA4	ENSG00000198691.14	https://deepmind.google.com/science/alphagenome/atlas?q=chr1:94014688:C%3ET&m=variant&lItems=avi,section:RNA_SEQ,section:SPLICE_JUNCTIONS,section:SPLICE_SITE_USAGE,section:SPLICE_SITES
chr1:94056773:A>T	ATAC	-0.06482887268066406	61	EFO:0002074 ATAC-seq	PC-3	EFO:0002074			https://deepmind.google.com/science/alphagenome/atlas?q=chr1:94056773:A%3ET&m=variant&lItems=avi,section:RNA_SEQ,section:SPLICE_JUNCTIONS,section:SPLICE_SITE_USAGE,section:SPLICE_SITES
chr1:94056773:A>T	CAGE	-0.12403213977813721	223	hCAGE UBERON:0001987	placenta	UBERON:0001987			https://deepmind.google.com/science/alphagenome/atlas?q=chr1:94056773:A%3ET&m=variant&lItems=avi,section:RNA_SEQ,section:SPLICE_JUNCTIONS,section:SPLICE_SITE_USAGE,section:SPLICE_SITES
chr1:94056773:A>T	CHIP_HISTONE	-0.039580345153808594	199	CL:0001054 Histone ChIP-seq H3K4me1	CD14-positive monocyte	CL:0001054			https://deepmind.google.com/science/alphagenome/atlas?q=chr1:94056773:A%3ET&m=variant&lItems=avi,section:RNA_SEQ,section:SPLICE_JUNCTIONS,section:SPLICE_SITE_USAGE,section:SPLICE_SITES
chr1:94056773:A>T	CHIP_TF	-0.09265518188476562	54	CL:0002618 TF ChIP-seq POLR2AphosphoS5	endothelial cell of umbilical vein	CL:0002618			https://deepmind.google.com/science/alphagenome/atlas?q=chr1:94056773:A%3ET&m=variant&lItems=avi,section:RNA_SEQ,section:SPLICE_JUNCTIONS,section:SPLICE_SITE_USAGE,section:SPLICE_SITES
chr1:94056773:A>T	CONTACT_MAPS	0.001960247755050659	1	4dn:4DNFI9FVHJZQ	HFFc6	EFO:0009318			https://deepmind.google.com/science/alphagenome/atlas?q=chr1:94056773:A%3ET&m=variant&lItems=avi,section:RNA_SEQ,section:SPLICE_JUNCTIONS,section:SPLICE_SITE_USAGE,section:SPLICE_SITES
chr1:94056773:A>T	DNASE	-0.2111210823059082	90	CL:2000041 DNase-seq	dermis microvascular lymphatic vessel endothelial cell	CL:2000041			https://deepmind.google.com/science/alphagenome/atlas?q=chr1:94056773:A%3ET&m=variant&lItems=avi,section:RNA_SEQ,section:SPLICE_JUNCTIONS,section:SPLICE_SITE_USAGE,section:SPLICE_SITES
chr1:94056773:A>T	PROCAP	-0.2363133430480957	4	ENCSR801ECP	endothelial cell of umbilical vein	CL:0002618			https://deepmind.google.com/science/alphagenome/atlas?q=chr1:94056773:A%3ET&m=variant&lItems=avi,section:RNA_SEQ,section:SPLICE_JUNCTIONS,section:SPLICE_SITE_USAGE,section:SPLICE_SITES
chr1:94056773:A>T	RNA_SEQ	0.009206771850585938	202	UBERON:0001264 polyA plus RNA-seq	pancreas	UBERON:0001264	MIR760	ENSG00000211575.3	https://deepmind.google.com/science/alphagenome/atlas?q=chr1:94056773:A%3ET&m=variant&lItems=avi,section:RNA_SEQ,section:SPLICE_JUNCTIONS,section:SPLICE_SITE_USAGE,section:SPLICE_SITES
chr1:94056773:A>T	SPLICE_JUNCTIONS	2.052734375	204	junction_UBERON:0000081 total RNA-seq	metanephros	UBERON:0000081	ABCA4	ENSG00000198691.14	https://deepmind.google.com/science/alphagenome/atlas?q=chr1:94056773:A%3ET&m=variant&lItems=avi,section:RNA_SEQ,section:SPLICE_JUNCTIONS,section:SPLICE_SITE_USAGE,section:SPLICE_SITES
chr1:94056773:A>T	SPLICE_SITES	0.49999457597732544	1	acceptor			ABCA4	ENSG00000198691.14	https://deepmind.google.com/science/alphagenome/atlas?q=chr1:94056773:A%3ET&m=variant&lItems=avi,section:RNA_SEQ,section:SPLICE_JUNCTIONS,section:SPLICE_SITE_USAGE,section:SPLICE_SITES
chr1:94056773:A>T	SPLICE_SITE_USAGE	0.330078125	199	usage_NTR:0003013 polyA plus RNA-seq	placental basal plate	NTR:0003013	ABCA4	ENSG00000198691.14	https://deepmind.google.com/science/alphagenome/atlas?q=chr1:94056773:A%3ET&m=variant&lItems=avi,section:RNA_SEQ,section:SPLICE_JUNCTIONS,section:SPLICE_SITE_USAGE,section:SPLICE_SITES
chr1:94111475:C>A	ATAC	0.39831018447875977	1	CL:0000100 ATAC-seq	motor neuron	CL:0000100			https://deepmind.google.com/science/alphagenome/atlas?q=chr1:94111475:C%3EA&m=variant&lItems=avi,section:RNA_SEQ,section:SPLICE_JUNCTIONS,section:SPLICE_SITE_USAGE,section:SPLICE_SITES
chr1:94111475:C>A	CAGE	0.8600339889526367	166	hCAGE UBERON:0000019	camera-type eye	UBERON:0000019			https://deepmind.google.com/science/alphagenome/atlas?q=chr1:94111475:C%3EA&m=variant&lItems=avi,section:RNA_SEQ,section:SPLICE_JUNCTIONS,section:SPLICE_SITE_USAGE,section:SPLICE_SITES
chr1:94111475:C>A	CHIP_HISTONE	0.35326671600341797	538	EFO:0005715 Histone ChIP-seq H3K4me1	WERI-Rb-1	EFO:0005715			https://deepmind.google.com/science/alphagenome/atlas?q=chr1:94111475:C%3EA&m=variant&lItems=avi,section:RNA_SEQ,section:SPLICE_JUNCTIONS,section:SPLICE_SITE_USAGE,section:SPLICE_SITES
chr1:94111475:C>A	CHIP_TF	0.3150959014892578	1278	EFO:0002791 TF ChIP-seq CEBPB	HeLa-S3	EFO:0002791			https://deepmind.google.com/science/alphagenome/atlas?q=chr1:94111475:C%3EA&m=variant&lItems=avi,section:RNA_SEQ,section:SPLICE_JUNCTIONS,section:SPLICE_SITE_USAGE,section:SPLICE_SITES
chr1:94111475:C>A	CONTACT_MAPS	0.0017390251159667969	18	4dn:4DNFINQYW56E	H1-hESC	EFO:0003042			https://deepmind.google.com/science/alphagenome/atlas?q=chr1:94111475:C%3EA&m=variant&lItems=avi,section:RNA_SEQ,section:SPLICE_JUNCTIONS,section:SPLICE_SITE_USAGE,section:SPLICE_SITES
chr1:94111475:C>A	DNASE	1.5608601570129395	68	CL:0002586 DNase-seq	retinal pigment epithelial cell	CL:0002586			https://deepmind.google.com/science/alphagenome/atlas?q=chr1:94111475:C%3EA&m=variant&lItems=avi,section:RNA_SEQ,section:SPLICE_JUNCTIONS,section:SPLICE_SITE_USAGE,section:SPLICE_SITES
chr1:94111475:C>A	PROCAP	0.6533584594726562	1	ENCSR182QNJ	Caco-2	EFO:0001099			https://deepmind.google.com/science/alphagenome/atlas?q=chr1:94111475:C%3EA&m=variant&lItems=avi,section:RNA_SEQ,section:SPLICE_JUNCTIONS,section:SPLICE_SITE_USAGE,section:SPLICE_SITES
chr1:94111475:C>A	RNA_SEQ	-0.032614707946777344	234	UBERON:0002107 total RNA-seq	liver	UBERON:0002107	ABCA4	ENSG00000198691.14	https://deepmind.google.com/science/alphagenome/atlas?q=chr1:94111475:C%3EA&m=variant&lItems=avi,section:RNA_SEQ,section:SPLICE_JUNCTIONS,section:SPLICE_SITE_USAGE,section:SPLICE_SITES
chr1:94111475:C>A	SPLICE_JUNCTIONS	0.396240234375	352	junction_UBERON:0009834 total RNA-seq	dorsolateral prefrontal cortex	UBERON:0009834	ABCA4	ENSG00000198691.14	https://deepmind.google.com/science/alphagenome/atlas?q=chr1:94111475:C%3EA&m=variant&lItems=avi,section:RNA_SEQ,section:SPLICE_JUNCTIONS,section:SPLICE_SITE_USAGE,section:SPLICE_SITES
chr1:94111475:C>A	SPLICE_SITES	0.04296875	0	donor			ABCA4	ENSG00000198691.14	https://deepmind.google.com/science/alphagenome/atlas?q=chr1:94111475:C%3EA&m=variant&lItems=avi,section:RNA_SEQ,section:SPLICE_JUNCTIONS,section:SPLICE_SITE_USAGE,section:SPLICE_SITES
chr1:94111475:C>A	SPLICE_SITE_USAGE	0.021484375	209	usage_UBERON:0000473 gtex Testis polyA plus RNA-seq	testis	UBERON:0000473	ABCA4	ENSG00000198691.14	https://deepmind.google.com/science/alphagenome/atlas?q=chr1:94111475:C%3EA&m=variant&lItems=avi,section:RNA_SEQ,section:SPLICE_JUNCTIONS,section:SPLICE_SITE_USAGE,section:SPLICE_SITES
chr1:94023386:C>G	ATAC	0.17846035957336426	1	CL:0000100 ATAC-seq	motor neuron	CL:0000100			https://deepmind.google.com/science/alphagenome/atlas?q=chr1:94023386:C%3EG&m=variant&lItems=avi,section:RNA_SEQ,section:SPLICE_JUNCTIONS,section:SPLICE_SITE_USAGE,section:SPLICE_SITES
chr1:94023386:C>G	CAGE	-0.3938767910003662	439	hCAGE UBERON:0000019	camera-type eye	UBERON:0000019			https://deepmind.google.com/science/alphagenome/atlas?q=chr1:94023386:C%3EG&m=variant&lItems=avi,section:RNA_SEQ,section:SPLICE_JUNCTIONS,section:SPLICE_SITE_USAGE,section:SPLICE_SITES
chr1:94023386:C>G	CHIP_HISTONE	0.12732982635498047	882	UBERON:0001621 Histone ChIP-seq H3K27ac	coronary artery	UBERON:0001621			https://deepmind.google.com/science/alphagenome/atlas?q=chr1:94023386:C%3EG&m=variant&lItems=avi,section:RNA_SEQ,section:SPLICE_JUNCTIONS,section:SPLICE_SITE_USAGE,section:SPLICE_SITES
chr1:94023386:C>G	CHIP_TF	0.16085433959960938	1592	UBERON:0004550 TF ChIP-seq POLR2AphosphoS5	gastroesophageal sphincter	UBERON:0004550			https://deepmind.google.com/science/alphagenome/atlas?q=chr1:94023386:C%3EG&m=variant&lItems=avi,section:RNA_SEQ,section:SPLICE_JUNCTIONS,section:SPLICE_SITE_USAGE,section:SPLICE_SITES
chr1:94023386:C>G	CONTACT_MAPS	0.00244981050491333	1	4dn:4DNFI9FVHJZQ	HFFc6	EFO:0009318			https://deepmind.google.com/science/alphagenome/atlas?q=chr1:94023386:C%3EG&m=variant&lItems=avi,section:RNA_SEQ,section:SPLICE_JUNCTIONS,section:SPLICE_SITE_USAGE,section:SPLICE_SITES
chr1:94023386:C>G	DNASE	0.33738064765930176	60	CL:0002551 DNase-seq	fibroblast of dermis	CL:0002551			https://deepmind.google.com/science/alphagenome/atlas?q=chr1:94023386:C%3EG&m=variant&lItems=avi,section:RNA_SEQ,section:SPLICE_JUNCTIONS,section:SPLICE_SITE_USAGE,section:SPLICE_SITES
chr1:94023386:C>G	PROCAP	0.11631584167480469	7	ENCSR182QNJ	Caco-2	EFO:0001099			https://deepmind.google.com/science/alphagenome/atlas?q=chr1:94023386:C%3EG&m=variant&lItems=avi,section:RNA_SEQ,section:SPLICE_JUNCTIONS,section:SPLICE_SITE_USAGE,section:SPLICE_SITES
chr1:94023386:C>G	RNA_SEQ	-0.027040958404541016	316	UBERON:0001211 gtex Small_Intestine_Terminal_Ileum polyA plus RNA-seq	Peyer's patch	UBERON:0001211	ABCA4	ENSG00000198691.14	https://deepmind.google.com/science/alphagenome/atlas?q=chr1:94023386:C%3EG&m=variant&lItems=avi,section:RNA_SEQ,section:SPLICE_JUNCTIONS,section:SPLICE_SITE_USAGE,section:SPLICE_SITES
chr1:94023386:C>G	SPLICE_JUNCTIONS	5.1328125	113	junction_CL:2000040 total RNA-seq	bladder microvascular endothelial cell	CL:2000040	ABCA4	ENSG00000198691.14	https://deepmind.google.com/science/alphagenome/atlas?q=chr1:94023386:C%3EG&m=variant&lItems=avi,section:RNA_SEQ,section:SPLICE_JUNCTIONS,section:SPLICE_SITE_USAGE,section:SPLICE_SITES
chr1:94023386:C>G	SPLICE_SITES	0.8125	0	donor			ABCA4	ENSG00000198691.14	https://deepmind.google.com/science/alphagenome/atlas?q=chr1:94023386:C%3EG&m=variant&lItems=avi,section:RNA_SEQ,section:SPLICE_JUNCTIONS,section:SPLICE_SITE_USAGE,section:SPLICE_SITES
chr1:94023386:C>G	SPLICE_SITE_USAGE	0.71368408203125	210	usage_UBERON:0000473 polyA plus RNA-seq	testis	UBERON:0000473	ABCA4	ENSG00000198691.14	https://deepmind.google.com/science/alphagenome/atlas?q=chr1:94023386:C%3EG&m=variant&lItems=avi,section:RNA_SEQ,section:SPLICE_JUNCTIONS,section:SPLICE_SITE_USAGE,section:SPLICE_SITES
chr1:94103107:C>A	ATAC	0.0709540843963623	68	EFO:0007950 ATAC-seq	GM23338	EFO:0007950			https://deepmind.google.com/science/alphagenome/atlas?q=chr1:94103107:C%3EA&m=variant&lItems=avi,section:RNA_SEQ,section:SPLICE_JUNCTIONS,section:SPLICE_SITE_USAGE,section:SPLICE_SITES
chr1:94103107:C>A	CAGE	-0.17100906372070312	496	hCAGE UBERON:0001987	placenta	UBERON:0001987			https://deepmind.google.com/science/alphagenome/atlas?q=chr1:94103107:C%3EA&m=variant&lItems=avi,section:RNA_SEQ,section:SPLICE_JUNCTIONS,section:SPLICE_SITE_USAGE,section:SPLICE_SITES
chr1:94103107:C>A	CHIP_HISTONE	-0.06157684326171875	81	CL:0000222 Histone ChIP-seq H3K36me3	mesodermal cell	CL:0000222			https://deepmind.google.com/science/alphagenome/atlas?q=chr1:94103107:C%3EA&m=variant&lItems=avi,section:RNA_SEQ,section:SPLICE_JUNCTIONS,section:SPLICE_SITE_USAGE,section:SPLICE_SITES
chr1:94103107:C>A	CHIP_TF	-0.09890079498291016	756	EFO:0001196 TF ChIP-seq CEBPB	IMR-90	EFO:0001196			https://deepmind.google.com/science/alphagenome/atlas?q=chr1:94103107:C%3EA&m=variant&lItems=avi,section:RNA_SEQ,section:SPLICE_JUNCTIONS,section:SPLICE_SITE_USAGE,section:SPLICE_SITES
chr1:94103107:C>A	CONTACT_MAPS	0.0019806325435638428	1	4dn:4DNFI9FVHJZQ	HFFc6	EFO:0009318			https://deepmind.google.com/science/alphagenome/atlas?q=chr1:94103107:C%3EA&m=variant&lItems=avi,section:RNA_SEQ,section:SPLICE_JUNCTIONS,section:SPLICE_SITE_USAGE,section:SPLICE_SITES
chr1:94103107:C>A	DNASE	0.07201433181762695	182	EFO:0005904 DNase-seq	H7	EFO:0005904			https://deepmind.google.com/science/alphagenome/atlas?q=chr1:94103107:C%3EA&m=variant&lItems=avi,section:RNA_SEQ,section:SPLICE_JUNCTIONS,section:SPLICE_SITE_USAGE,section:SPLICE_SITES
chr1:94103107:C>A	PROCAP	0.02942270040512085	4	ENCSR801ECP	endothelial cell of umbilical vein	CL:0002618			https://deepmind.google.com/science/alphagenome/atlas?q=chr1:94103107:C%3EA&m=variant&lItems=avi,section:RNA_SEQ,section:SPLICE_JUNCTIONS,section:SPLICE_SITE_USAGE,section:SPLICE_SITES
chr1:94103107:C>A	RNA_SEQ	-0.05529332160949707	234	UBERON:0002107 total RNA-seq	liver	UBERON:0002107	ABCA4	ENSG00000198691.14	https://deepmind.google.com/science/alphagenome/atlas?q=chr1:94103107:C%3EA&m=variant&lItems=avi,section:RNA_SEQ,section:SPLICE_JUNCTIONS,section:SPLICE_SITE_USAGE,section:SPLICE_SITES
chr1:94103107:C>A	SPLICE_JUNCTIONS	2.0546875	352	junction_UBERON:0009834 total RNA-seq	dorsolateral prefrontal cortex	UBERON:0009834	ABCA4	ENSG00000198691.14	https://deepmind.google.com/science/alphagenome/atlas?q=chr1:94103107:C%3EA&m=variant&lItems=avi,section:RNA_SEQ,section:SPLICE_JUNCTIONS,section:SPLICE_SITE_USAGE,section:SPLICE_SITES
chr1:94103107:C>A	SPLICE_SITES	0.16015625	0	donor			ABCA4	ENSG00000198691.14	https://deepmind.google.com/science/alphagenome/atlas?q=chr1:94103107:C%3EA&m=variant&lItems=avi,section:RNA_SEQ,section:SPLICE_JUNCTIONS,section:SPLICE_SITE_USAGE,section:SPLICE_SITES
chr1:94103107:C>A	SPLICE_SITE_USAGE	0.140625	4	usage_CL:0000100 total RNA-seq	motor neuron	CL:0000100	ABCA4	ENSG00000198691.14	https://deepmind.google.com/science/alphagenome/atlas?q=chr1:94103107:C%3EA&m=variant&lItems=avi,section:RNA_SEQ,section:SPLICE_JUNCTIONS,section:SPLICE_SITE_USAGE,section:SPLICE_SITES
chr1:94078607:G>A	ATAC	-0.18185710906982422	66	EFO:0007074 ATAC-seq	DND-41	EFO:0007074			https://deepmind.google.com/science/alphagenome/atlas?q=chr1:94078607:G%3EA&m=variant&lItems=avi,section:RNA_SEQ,section:SPLICE_JUNCTIONS,section:SPLICE_SITE_USAGE,section:SPLICE_SITES
chr1:94078607:G>A	CAGE	-0.22414374351501465	496	hCAGE UBERON:0001987	placenta	UBERON:0001987			https://deepmind.google.com/science/alphagenome/atlas?q=chr1:94078607:G%3EA&m=variant&lItems=avi,section:RNA_SEQ,section:SPLICE_JUNCTIONS,section:SPLICE_SITE_USAGE,section:SPLICE_SITES
chr1:94078607:G>A	CHIP_HISTONE	-0.11722850799560547	867	UBERON:0001383 Histone ChIP-seq H3K27ac	muscle of leg	UBERON:0001383			https://deepmind.google.com/science/alphagenome/atlas?q=chr1:94078607:G%3EA&m=variant&lItems=avi,section:RNA_SEQ,section:SPLICE_JUNCTIONS,section:SPLICE_SITE_USAGE,section:SPLICE_SITES
chr1:94078607:G>A	CHIP_TF	-0.15557050704956055	214	EFO:0001184 TF ChIP-seq ZFX	HEK293T	EFO:0001184			https://deepmind.google.com/science/alphagenome/atlas?q=chr1:94078607:G%3EA&m=variant&lItems=avi,section:RNA_SEQ,section:SPLICE_JUNCTIONS,section:SPLICE_SITE_USAGE,section:SPLICE_SITES
chr1:94078607:G>A	CONTACT_MAPS	0.001487135887145996	1	4dn:4DNFI9FVHJZQ	HFFc6	EFO:0009318			https://deepmind.google.com/science/alphagenome/atlas?q=chr1:94078607:G%3EA&m=variant&lItems=avi,section:RNA_SEQ,section:SPLICE_JUNCTIONS,section:SPLICE_SITE_USAGE,section:SPLICE_SITES
chr1:94078607:G>A	DNASE	-0.24931573867797852	239	UBERON:0001383 DNase-seq	muscle of leg	UBERON:0001383			https://deepmind.google.com/science/alphagenome/atlas?q=chr1:94078607:G%3EA&m=variant&lItems=avi,section:RNA_SEQ,section:SPLICE_JUNCTIONS,section:SPLICE_SITE_USAGE,section:SPLICE_SITES
chr1:94078607:G>A	PROCAP	-0.29339098930358887	4	ENCSR801ECP	endothelial cell of umbilical vein	CL:0002618			https://deepmind.google.com/science/alphagenome/atlas?q=chr1:94078607:G%3EA&m=variant&lItems=avi,section:RNA_SEQ,section:SPLICE_JUNCTIONS,section:SPLICE_SITE_USAGE,section:SPLICE_SITES
chr1:94078607:G>A	RNA_SEQ	-0.03302717208862305	7	CL:0000137 total RNA-seq	osteocyte	CL:0000137	ABCA4	ENSG00000198691.14	https://deepmind.google.com/science/alphagenome/atlas?q=chr1:94078607:G%3EA&m=variant&lItems=avi,section:RNA_SEQ,section:SPLICE_JUNCTIONS,section:SPLICE_SITE_USAGE,section:SPLICE_SITES
chr1:94078607:G>A	SPLICE_JUNCTIONS	1.724609375	352	junction_UBERON:0009834 total RNA-seq	dorsolateral prefrontal cortex	UBERON:0009834	ABCA4	ENSG00000198691.14	https://deepmind.google.com/science/alphagenome/atlas?q=chr1:94078607:G%3EA&m=variant&lItems=avi,section:RNA_SEQ,section:SPLICE_JUNCTIONS,section:SPLICE_SITE_USAGE,section:SPLICE_SITES
chr1:94078607:G>A	SPLICE_SITES	0.1171875	0	donor			ABCA4	ENSG00000198691.14	https://deepmind.google.com/science/alphagenome/atlas?q=chr1:94078607:G%3EA&m=variant&lItems=avi,section:RNA_SEQ,section:SPLICE_JUNCTIONS,section:SPLICE_SITE_USAGE,section:SPLICE_SITES
chr1:94078607:G>A	SPLICE_SITE_USAGE	0.11328125	362	usage_UBERON:0018116 polyA plus RNA-seq	right renal pelvis	UBERON:0018116	ABCA4	ENSG00000198691.14	https://deepmind.google.com/science/alphagenome/atlas?q=chr1:94078607:G%3EA&m=variant&lItems=avi,section:RNA_SEQ,section:SPLICE_JUNCTIONS,section:SPLICE_SITE_USAGE,section:SPLICE_SITES
chr1:94041324:C>A	ATAC	-0.0549163818359375	60	EFO:0002067 ATAC-seq	K562	EFO:0002067			https://deepmind.google.com/science/alphagenome/atlas?q=chr1:94041324:C%3EA&m=variant&lItems=avi,section:RNA_SEQ,section:SPLICE_JUNCTIONS,section:SPLICE_SITE_USAGE,section:SPLICE_SITES
chr1:94041324:C>A	CAGE	-0.3477931022644043	439	hCAGE UBERON:0000019	camera-type eye	UBERON:0000019			https://deepmind.google.com/science/alphagenome/atlas?q=chr1:94041324:C%3EA&m=variant&lItems=avi,section:RNA_SEQ,section:SPLICE_JUNCTIONS,section:SPLICE_SITE_USAGE,section:SPLICE_SITES
chr1:94041324:C>A	CHIP_HISTONE	-0.08060169219970703	1103	UBERON:0014455 Histone ChIP-seq H3K4me1	subcutaneous abdominal adipose tissue	UBERON:0014455			https://deepmind.google.com/science/alphagenome/atlas?q=chr1:94041324:C%3EA&m=variant&lItems=avi,section:RNA_SEQ,section:SPLICE_JUNCTIONS,section:SPLICE_SITE_USAGE,section:SPLICE_SITES
chr1:94041324:C>A	CHIP_TF	0.08931255340576172	158	EFO:0001182 TF ChIP-seq ZEB2 genetically modified (insertion) using site-specific recombination targeting H. sapiens ZEB2	HEK293	EFO:0001182			https://deepmind.google.com/science/alphagenome/atlas?q=chr1:94041324:C%3EA&m=variant&lItems=avi,section:RNA_SEQ,section:SPLICE_JUNCTIONS,section:SPLICE_SITE_USAGE,section:SPLICE_SITES
chr1:94041324:C>A	CONTACT_MAPS	0.0025385022163391113	1	4dn:4DNFI9FVHJZQ	HFFc6	EFO:0009318			https://deepmind.google.com/science/alphagenome/atlas?q=chr1:94041324:C%3EA&m=variant&lItems=avi,section:RNA_SEQ,section:SPLICE_JUNCTIONS,section:SPLICE_SITE_USAGE,section:SPLICE_SITES
chr1:94041324:C>A	DNASE	-0.1329822540283203	8	CL:0000187 DNase-seq	myocyte	CL:0000187			https://deepmind.google.com/science/alphagenome/atlas?q=chr1:94041324:C%3EA&m=variant&lItems=avi,section:RNA_SEQ,section:SPLICE_JUNCTIONS,section:SPLICE_SITE_USAGE,section:SPLICE_SITES
chr1:94041324:C>A	PROCAP	-0.23134779930114746	10	ENCSR801ECP	endothelial cell of umbilical vein	CL:0002618			https://deepmind.google.com/science/alphagenome/atlas?q=chr1:94041324:C%3EA&m=variant&lItems=avi,section:RNA_SEQ,section:SPLICE_JUNCTIONS,section:SPLICE_SITE_USAGE,section:SPLICE_SITES
chr1:94041324:C>A	RNA_SEQ	0.025586366653442383	236	UBERON:0002113 polyA plus RNA-seq	kidney	UBERON:0002113	ABCA4	ENSG00000198691.14	https://deepmind.google.com/science/alphagenome/atlas?q=chr1:94041324:C%3EA&m=variant&lItems=avi,section:RNA_SEQ,section:SPLICE_JUNCTIONS,section:SPLICE_SITE_USAGE,section:SPLICE_SITES
chr1:94041324:C>A	SPLICE_JUNCTIONS	5.1171875	113	junction_CL:2000040 total RNA-seq	bladder microvascular endothelial cell	CL:2000040	ABCA4	ENSG00000198691.14	https://deepmind.google.com/science/alphagenome/atlas?q=chr1:94041324:C%3EA&m=variant&lItems=avi,section:RNA_SEQ,section:SPLICE_JUNCTIONS,section:SPLICE_SITE_USAGE,section:SPLICE_SITES
chr1:94041324:C>A	SPLICE_SITES	0.8906165957450867	0	donor			ABCA4	ENSG00000198691.14	https://deepmind.google.com/science/alphagenome/atlas?q=chr1:94041324:C%3EA&m=variant&lItems=avi,section:RNA_SEQ,section:SPLICE_JUNCTIONS,section:SPLICE_SITE_USAGE,section:SPLICE_SITES
chr1:94041324:C>A	SPLICE_SITE_USAGE	0.6253662109375	210	usage_UBERON:0000473 polyA plus RNA-seq	testis	UBERON:0000473	ABCA4	ENSG00000198691.14	https://deepmind.google.com/science/alphagenome/atlas?q=chr1:94041324:C%3EA&m=variant&lItems=avi,section:RNA_SEQ,section:SPLICE_JUNCTIONS,section:SPLICE_SITE_USAGE,section:SPLICE_SITES
chr1:94044692:C>A	ATAC	-0.8155946731567383	61	EFO:0002074 ATAC-seq	PC-3	EFO:0002074			https://deepmind.google.com/science/alphagenome/atlas?q=chr1:94044692:C%3EA&m=variant&lItems=avi,section:RNA_SEQ,section:SPLICE_JUNCTIONS,section:SPLICE_SITE_USAGE,section:SPLICE_SITES
chr1:94044692:C>A	CAGE	-0.8471696376800537	309	hCAGE CL:0000576	monocyte	CL:0000576			https://deepmind.google.com/science/alphagenome/atlas?q=chr1:94044692:C%3EA&m=variant&lItems=avi,section:RNA_SEQ,section:SPLICE_JUNCTIONS,section:SPLICE_SITE_USAGE,section:SPLICE_SITES
chr1:94044692:C>A	CHIP_HISTONE	-0.6522903442382812	698	EFO:0007752 Histone ChIP-seq H3K27ac	VCaP	EFO:0007752			https://deepmind.google.com/science/alphagenome/atlas?q=chr1:94044692:C%3EA&m=variant&lItems=avi,section:RNA_SEQ,section:SPLICE_JUNCTIONS,section:SPLICE_SITE_USAGE,section:SPLICE_SITES
chr1:94044692:C>A	CHIP_TF	-1.1904935836791992	1120	EFO:0002067 TF ChIP-seq ZNF281 genetically modified (insertion) using CRISPR targeting H. sapiens ZNF281	K562	EFO:0002067			https://deepmind.google.com/science/alphagenome/atlas?q=chr1:94044692:C%3EA&m=variant&lItems=avi,section:RNA_SEQ,section:SPLICE_JUNCTIONS,section:SPLICE_SITE_USAGE,section:SPLICE_SITES
chr1:94044692:C>A	CONTACT_MAPS	0.0048010945320129395	1	4dn:4DNFI9FVHJZQ	HFFc6	EFO:0009318			https://deepmind.google.com/science/alphagenome/atlas?q=chr1:94044692:C%3EA&m=variant&lItems=avi,section:RNA_SEQ,section:SPLICE_JUNCTIONS,section:SPLICE_SITE_USAGE,section:SPLICE_SITES
chr1:94044692:C>A	DNASE	-1.184530258178711	179	EFO:0005726 DNase-seq	LNCaP clone FGC	EFO:0005726			https://deepmind.google.com/science/alphagenome/atlas?q=chr1:94044692:C%3EA&m=variant&lItems=avi,section:RNA_SEQ,section:SPLICE_JUNCTIONS,section:SPLICE_SITE_USAGE,section:SPLICE_SITES
chr1:94044692:C>A	PROCAP	-1.255976676940918	3	ENCSR797DEF	Calu3	EFO:0002819			https://deepmind.google.com/science/alphagenome/atlas?q=chr1:94044692:C%3EA&m=variant&lItems=avi,section:RNA_SEQ,section:SPLICE_JUNCTIONS,section:SPLICE_SITE_USAGE,section:SPLICE_SITES
chr1:94044692:C>A	RNA_SEQ	-0.10654830932617188	102	CL:2000071 total RNA-seq	mammary microvascular endothelial cell	CL:2000071	ABCA4	ENSG00000198691.14	https://deepmind.google.com/science/alphagenome/atlas?q=chr1:94044692:C%3EA&m=variant&lItems=avi,section:RNA_SEQ,section:SPLICE_JUNCTIONS,section:SPLICE_SITE_USAGE,section:SPLICE_SITES
chr1:94044692:C>A	SPLICE_JUNCTIONS	0.44091796875	114	junction_CL:2000041 total RNA-seq	dermis microvascular lymphatic vessel endothelial cell	CL:2000041	ABCA4	ENSG00000198691.14	https://deepmind.google.com/science/alphagenome/atlas?q=chr1:94044692:C%3EA&m=variant&lItems=avi,section:RNA_SEQ,section:SPLICE_JUNCTIONS,section:SPLICE_SITE_USAGE,section:SPLICE_SITES
chr1:94044692:C>A	SPLICE_SITES	0.03515625	1	acceptor			ABCA4	ENSG00000198691.14	https://deepmind.google.com/science/alphagenome/atlas?q=chr1:94044692:C%3EA&m=variant&lItems=avi,section:RNA_SEQ,section:SPLICE_JUNCTIONS,section:SPLICE_SITE_USAGE,section:SPLICE_SITES
chr1:94044692:C>A	SPLICE_SITE_USAGE	0.0703125	210	usage_UBERON:0000473 polyA plus RNA-seq	testis	UBERON:0000473	ABCA4	ENSG00000198691.14	https://deepmind.google.com/science/alphagenome/atlas?q=chr1:94044692:C%3EA&m=variant&lItems=avi,section:RNA_SEQ,section:SPLICE_JUNCTIONS,section:SPLICE_SITE_USAGE,section:SPLICE_SITES
